Sl.No ,STATE,District,Recharge from Rainfall during Monsoon season(Ham),Recharge From Other Sources during monsoon season(Ham),Recharge from Rainfall during non-monsoon season(Ham),Recharge From Other Sources during non-monsoon season(Ham),Annual Replenishable resources(Ham),Annual Natural Discharge (Ham),Net Annual Ground Water Availability  (Ham),Draft due to Irrigation Needs(Ham),Draft due to Domestic & Industrial Water Supply Needs(Ham),Total annual Draft(Ham),Projected demand for Domestic and Industrial uses  upto 2025 (Ham), Ground Water Availability for Future Irrigation use (Ham),Stage of Ground Water Develop ment (%) 
1,ANDHRA PRADESH,Srikakulam,40417,38297,24646,19754,123115,11733,111382,38291,4504,42795,17584,62902,38
2,ANDHRA PRADESH,Vizianagaram,42539,22254,28250,7492,100534,8936,91598,16894,918,17812,6116,68723,19
3,ANDHRA PRADESH,Visakhapatnam,73586,5905,13328,5271,98090,8636,89454,13442,4485,17927,12541,63470,20
4,ANDHRA PRADESH,East Godavari,69958,37094,38290,24618,169960,16007,153953,33967,9075,43042,14482,106654,28
5,ANDHRA PRADESH,West Godavari,58870,42876,23364,45290,170399,16033,154366,59783,967,60750,10080,85823,39
6,ANDHRA PRADESH,Krishna,47059,63644,22479,17616,150798,14502,136296,45270,9539,54809,9539,82026,40
7,ANDHRA PRADESH,Guntur,37569,83241,24505,18180,163499,15955,147544.1843,40902,6545,47447,14685,100727,32
8,ANDHRA PRADESH,Prakasam,57624,20460,25579,68527,172190,16194,155996.3639,50627,2120,52747,9677,100062,34
9,ANDHRA PRADESH,Nellore,160189,36313,772,85132,282406,25677,256729,74470,5804,80274,9535,172725,31
10,ANDHRA PRADESH,Chittoor,134147,15718,9185,23505,182555,17673,164882,100549,17147,117696,18817,47341,71
11,ANDHRA PRADESH,Kadapa,47303,9645,38097,14720,109765,10507,99258,63987,5780,69767,9456,27016,70
12,ANDHRA PRADESH,Anantapur,70802,19520,43047,31393,164762,15225,149537,129642,10730,140372,18684,34765,94
13,ANDHRA PRADESH,Kurnool,56720,30261,29164,35273,151418,14353,137065,61274,3688,64962,13214,68736,47
14,ARUNACHAL PRADESH,Tirap,7208,0.07,2044,0.1,9252.17,925,8327.17,2.8,17.8,20.6,57,8267.37,0.247382964
15,ARUNACHAL PRADESH,Changlang,20761,17.83,6907,26.74,27712.57,2771,24941.57,25.5,98.7,124.2,204,24712.07,0.497963841
16,ARUNACHAL PRADESH,Lohit,142890,0,52307,0,195197,19520,175677,5.3,252.8,258.1,1081,174590.7,0.146917354
17,ARUNACHAL PRADESH,Anjaw,0,0,0,0,0,0,0,0,0,0,0,0,0
18,ARUNACHAL PRADESH,Dibang valley,0,0,0,0,0,0,0,0,0,0,0,0,0
19,ARUNACHAL PRADESH,Lower Dibang Valley,70406,0,24947,0,95353,9535,85818,33.5,48,81.5,161,85623.5,0.094968422
20,ARUNACHAL PRADESH,East Siang,60304,8.07,14949,12.1,75273.17,7527,67746.17,70.6,179,249.6,366,67309.57,0.368434112
21,ARUNACHAL PRADESH,West Siang,4936,0.53,1286,0.53,6223.06,622,5601.06,0,25,25,10,5591.06,0.446344085
22,ARUNACHAL PRADESH,Upper Siang,NA,0,0,0,0,NA,0,0,0,0,0,0,0
23,ARUNACHAL PRADESH,East Kameng,13364,0,3030,0,16394,1639,14755,15,2.5,17.5,14,14726,0.118603863
24,ARUNACHAL PRADESH,West Kameng,1406,0.21,344,0.31,1750.52,175,1575.52,0,0,0,7,1568.52,0
25,ARUNACHAL PRADESH,Lower Subansiri,1761,0.05,803,0.05,2564.1,256,2308.1,5,0,5,12,2291.1,0.216628396
26,ARUNACHAL PRADESH,Upper Subansiri,228,0,105,0.1,333.1,33,300.1,0,0,0,0,300.1,0
27,ARUNACHAL PRADESH,Papum Pare,10727,0,2504,26.74,13257.74,1325.7,11932.04,57.5,83.9,141.4,110,11764.54,1.185044636
28,ARUNACHAL PRADESH,Tawang,0,0,0,0,0,0,0,0,0,0,0,0,0
29,ARUNACHAL PRADESH,Kurung Kumey,0,0,0,0,0,0,0,0,0,0,0,0,0
30,ASSAM,Baksa,98006,5714,33485,2217,139422,13942,125480,9297,2012,11309,2352,113831,9
31,ASSAM,Barpeta,119188,14659,44658,4134,182639,18264,164375,33392,3641,37033,4807,126176,23
32,ASSAM,Bongaigaon,63920,13985,31849,2294,112048,11205,100843,35131,1597,36728,2029,63683,36
33,ASSAM,Cachar,56753,101,33589,22,90465,9046,81419,242,3837,4079,4847,76329,5
34,ASSAM,Chirang,90683,2703,36455,888,130729,13073,117656,5582,1032,6614,1189,110885,6
35,ASSAM,Darrang,55917,9533,25871,1573,92894,9289,83605,23925,1951,25876,2512,57168,31
36,ASSAM,Dhemaji,157318,3337,53993,724,215372,21537,193835,7920,1472,9392,1924,183991,5
37,ASSAM,Dhubri,66278,15915,26160,3453,111806,11181,100625,37768,4204,41972,5764,57093,42
38,ASSAM,Dibrugarh,110898,3365,61196,794,176253,17625,158628,7732,2987,10719,3313,147583,7
39,ASSAM,Dima Hasao,1755,0,1756,1,3512,351,3161,0,482,482,544,2618,15
40,ASSAM,Goalpara,66604,19717,31555,3237,121113,12111,109002,10460,2323,12783,2637,110400,12
41,ASSAM,Golaghat,88166,4169,44195,689,137219,13722,123497,49525,2219,51744,2918,56558,42
42,ASSAM,Hailakandi,13767,2,10871,3,24643,2464,22179,0,1417,1417,1873,20306,6
43,ASSAM,Jorhat,88883,1780,44704,303,135670,13567,122103,4443,2456,6899,2620,115039,6
44,ASSAM,Kamrup,76973,14050,37245,2312,130580,13058,117522,35277,3350,38627,3982,78263,33
45,ASSAM,Kamrup Metro,15162,0,7336,0,22498,2250,20248,0,3225,3225,3461,16787,16
46,ASSAM,Karbi Anglong,29714,4064,13537,3408,50723,5072,45651,3461,2093,5554,2640,39550,12
47,ASSAM,Karimganj,24857,16,21751,18,46642,4664,41978,0,2620,2620,3425,38553,6
48,ASSAM,Kokrajhar,178911,6142,59890,2735,247678,24768,222910,10964,1896,12860,2013,209934,6
49,ASSAM,Lakhimpur,73775,5975,37980,987,118717,11872,106845,14992,2242,17234,2783,89070,16
50,ASSAM,Morigaon,45227,6413,16379,1054,69073,6907,62166,16107,2080,18187,2794,43265,29
51,ASSAM,Nagaon,96925,23949,38445,9845,169164,16916,152248,42572,6177,48749,8100,101576,32
52,ASSAM,Nalbari,25263,7491,15992,1234,49980,4998,44982,18803,1665,20468,1914,24265,46
53,ASSAM,Sibsagar,74853,1206,34257,208,110524,11052,99472,3003,2510,5513,2767,93702,6
54,ASSAM,Sonitpur,155887,7721,70126,2398,236132,23613,212519,16219,4169,20388,5053,191248,10
55,ASSAM,Tinsukia,147082,5668,65794,942,219486,21949,197537,14209,2977,17186,3400,179929,9
56,ASSAM,Udalguri,33720,4739,23368,3818,65645,6565,59080,4698,1784,6482,2014,52369,11
57,BIHAR,Araria,64316.63,5629.64,16077.93,2391.98,88416.18,8841.62,79574.56,16526.4,6061.67,22588.07,1646,61402.16,28.39
58,BIHAR,Arwal,14215.29,5040.38,1978.24,3679.36,24913.27,2222.55,22690.72,8814.9,1884.15,10699.05,448,13427.82,47.15
59,BIHAR,Aurangabad,78885.74,10979.18,9314.89,10562.01,109741.82,9608.16,100133.66,16966.7,5291.2,22257.9,1488,81678.96,22.23
60,BIHAR,Banka,40422.71,7066.94,7804.28,2402.29,57696.22,5613.03,52083.19,11728.8,4154.66,15883.46,1199,39155.39,30.5
61,BIHAR,Begusarai,43472.21,6197.45,7198.32,15089.12,71957.1,6884.62,65072.48,27950.2,7541.29,35491.49,1743,35379.28,54.54
62,BIHAR,Bhabhua,59631.43,8466.01,5720.35,8232.37,82050.16,7398.21,74651.95,21989.4,3958.42,25947.82,956,51706.55,34.76
63,BIHAR,Bhagalpur,65091.97,1673.93,11794.75,1887.61,80448.26,8044.83,72403.43,17207.7,5560.82,22768.52,1426,53769.73,31.45
64,BIHAR,Bhojpur,54639.03,15586.74,7308.26,15729.68,93263.71,8858.27,84405.44,35173.6,6718.59,41892.19,1602,47629.84,49.63
65,BIHAR,Buxar,36657.96,19465.93,4869.18,19851.89,80844.96,7813.73,73031.23,29281.8,4218.05,33499.85,1001,42748.43,45.87
66,BIHAR,Darbhanga,48113.4,5124.21,7547.95,6015.35,66800.91,4611.29,62189.62,22714.6,9096.32,31810.92,2308,37167.02,51.15
67,BIHAR,East Champaran,93746.32,22911.98,14625.88,13012.89,144297.07,12686.17,131610.91,47621.4,11521.23,59142.63,2991,80998.51,44.94
68,BIHAR,Gaya,90922.45,7515.78,12424.2,10344,121206.43,9850.31,111356.12,55302.8,11184.66,66487.46,2519,53534.32,59.71
69,BIHAR,Gopalganj,46651.86,12411.12,6908.13,12546.4,78517.51,6634.38,71883.13,38738.1,6451.68,45189.78,1503,31642.03,62.87
70,BIHAR,Jamui,36024.2,2638.67,6941.7,3226.24,48830.81,4883.08,43947.73,7011.6,3443.38,10454.98,1034,35902.13,23.79
71,BIHAR,Jehanabad,22421.3,4299.91,2896.93,9514.16,39132.3,3913.23,35219.07,21214.2,3016.99,24231.19,661,13343.87,68.8
72,BIHAR,Katihar,77743.57,7287.98,15801.51,8218.34,109051.4,9221.53,99829.87,52245.3,7677.93,59923.23,1800,45784.57,60.03
73,BIHAR,Khagaria,37566.72,2422.3,6138.4,13726.31,59853.73,5061.05,54792.68,15945.8,3631.02,19576.82,975,37871.88,35.73
74,BIHAR,Kishanganj,59622.24,1328.56,14675.96,2957.1,78583.86,7858.39,70725.47,16162.5,3777.63,19940.13,991,53571.97,28.19
75,BIHAR,Lakhisarai,22615.6,3483.93,3181.59,1573.93,30855.05,3085.51,27769.55,9278.8,2244.33,11523.13,535,17955.75,41.5
76,BIHAR,Madhepura,42913.78,6762.93,8510.28,9407.42,67594.41,5342.27,62252.14,28678,5019.26,33697.26,1177,32397.14,54.13
77,BIHAR,Madhubani,95287.05,8154.76,15263.68,6035,124740.49,11792.93,112947.56,37070.9,9385.29,46456.19,2631,73245.66,41.13
78,BIHAR,Munger,26929.75,5774.56,4179.3,4452.61,41336.22,3969.16,37367.06,9136.6,2968.72,12105.32,808,27422.46,32.4
79,BIHAR,Muzaffarpur,62878.57,18510.69,11172.44,22542.29,115103.99,10114.27,104989.72,51420,11176.06,62596.06,2811,50758.72,59.62
80,BIHAR,Nalanda,49047.47,6310.64,6964.07,11013.3,73335.48,6087.44,67248.04,39395.7,7334.16,46729.86,1691,26161.34,69.49
81,BIHAR,Nawada,38503,6579.16,6895.37,9868.76,61846.29,4976.22,56870.07,22871.55,4330.02,27201.57,1066,32932.52,47.83
82,BIHAR,Patna,71244.76,13927.82,10351.51,20319.74,115843.83,11584.38,104259.45,36622.1,13051.46,49673.56,3419,64218.35,47.64
83,BIHAR,Purnia,96651.06,5294.43,18884.75,5860.96,126691.2,11490.86,115200.34,48955.91,7982.71,56938.62,1914,64330.43,49.43
84,BIHAR,Rohtas,92009.77,13448.21,10670.68,7380.68,123509.34,11858.02,111651.32,19959.3,6399.64,26358.94,1741,89951.02,23.61
85,BIHAR,Saharsa,45844.41,5444.89,8139.27,4642.47,64071.04,5013.6,59057.44,13182.4,3721.49,16903.89,1115,44760.04,28.62
86,BIHAR,Samastipur,66497.87,22107.39,10749.35,29305.17,128659.78,12865.98,115793.8,52610.1,9743.8,62353.9,2499,60684.7,53.85
87,BIHAR,Saran,61458.09,11476.26,8104.88,14115.53,95154.76,8616.6,86538.16,47711.1,9332.85,57043.95,2316,36511.06,65.92
88,BIHAR,Sheihkpura,15196.72,1640.5,2135.83,1904.51,20877.56,2087.76,18789.8,6360,1548.9,7908.9,375,12054.8,42.09
89,BIHAR,Sheohar,13315.4,1757.58,1891.65,1193.42,18158.05,1698.85,16459.2,6299.4,1485.63,7785.03,385,9774.8,47.3
90,BIHAR,Sitamarhi,53660.09,5115.55,9711.04,3617.05,72103.73,5759.72,66344.01,20496,6858.9,27354.9,2008,43840.01,41.23
91,BIHAR,Siwan,43367.75,22611.72,7262.79,18459.19,91701.45,6859.77,84841.68,39373.4,7516.98,46890.38,1954,43514.28,55.27
92,BIHAR,Supaul,61106.69,10798.75,11808.84,8418.32,92132.6,6527.96,85604.64,22048.2,4848.78,26896.98,1306,62250.44,31.42
93,BIHAR,Vaishali,47807.88,11646.67,7336.96,10086.99,76878.5,7406.81,69471.7,32320.59,7952.67,40273.26,2049,35102.11,57.97
94,BIHAR,West Champaran,89283.97,21277.99,12402.18,31745.08,154709.22,15094.34,139614.88,29810.8,8916.64,38727.44,2306,107498.08,27.74
95,CHCHATISGARH,Balod,18793.87,4196.82,2570.07,5818.56,31379.32,2522.02,28857.3,15244.56,2125.87,17370.43,2445.88,11462.82,60
96,CHCHATISGARH,Baloda Bazar,37079.03,6814.14,4099.72,4389.11,52382,4096.41,48285.59,16208.17,2401.07,18609.24,2996.85,29080.57,39
97,CHCHATISGARH,Balrampur,56280.91,673.96,4219.38,2293.84,63468.09,4625.18,58842.91,10210.87,1680.01,11890.88,2190.22,46441.82,20
98,CHCHATISGARH,Bastar,41478.34,604.17,5571.1,1306.3,48959.91,3911.8,45048.11,3875.09,2083.22,5958.31,2541.77,38631.25,13
99,CHCHATISGARH,Bemetara,21616.51,3558.47,2948.83,10148.28,38272.09,3022.97,35249.12,23627.04,1631.58,25258.62,1696.86,9925.22,72
100,CHCHATISGARH,Bijapur,74599.28,92.51,10258.92,184.58,85135.29,8513.53,76621.76,808.93,579.74,1388.67,688.18,75124.65,2
101,CHCHATISGARH,Bilaspur,36923.93,3620.45,0,3142.06,43686.44,2584,41102.44,15522.66,3215.18,18737.84,4681.47,20898.31,46
102,CHCHATISGARH,Dantewara,19630.75,103.9,0,580.63,20315.28,1259.64,19055.64,1259.75,640.68,1900.43,765.93,17029.96,10
103,CHCHATISGARH,Dhamtari,32969.93,7146.5,0,9909.05,50025.48,3963.91,46061.57,33385.08,2791.71,36176.79,3130.64,9545.85,79
104,CHCHATISGARH,Durg,16858.12,4081.23,2090,5216.73,28246.08,1881.95,26364.13,17234.14,4190.77,21424.91,4825.31,4304.68,81
105,CHCHATISGARH,Gariaband,25108.19,3718.98,0,3407.29,32234.46,2797.81,29436.65,12709.5,1684.83,14394.33,1876.91,14850.24,49
106,CHCHATISGARH,Janjgir-Champa,25033.8,6778.18,3155.97,5512.1,40480.05,3120.71,37359.34,12001.1,3470.03,15471.13,4218.96,21139.28,41
107,CHCHATISGARH,Jashpur,41275.88,598.02,4966.28,3534.75,50374.93,3155.76,47219.17,14829.85,1954.44,16784.29,2258.36,30130.96,36
108,CHCHATISGARH,Kanker,77929.28,1102.98,8447.93,3125.12,90605.31,5047.28,85558.03,20702.54,1766.65,22469.19,2165.72,62689.77,26
109,CHCHATISGARH,Kawardha,35202.43,2234.96,3942.45,7831.82,49211.66,4118.93,45092.73,22869.89,1885.73,24755.62,2161.27,20061.57,55
110,CHCHATISGARH,Kondagaon,45186.57,261.17,5641.14,1202.33,52291.21,2614.57,49676.64,5751.59,1470.87,7222.46,1814.55,42110.5,15
111,CHCHATISGARH,Korba,41178.34,885.17,4089.97,2962.13,49115.61,2464.44,46651.17,10499.28,3923.61,14422.89,4676.56,31475.33,31
112,CHCHATISGARH,Koriya,46655.01,1445.81,3397.3,2401.02,53899.14,3307.82,50591.32,9872.87,1669.71,11542.58,2913.54,37804.91,23
113,CHCHATISGARH,Mahasamund,54007.26,3699.24,1096.2,6662.39,65465.09,3722.04,61743.05,29530.1,4241.31,33771.41,4716.97,27495.98,55
114,CHCHATISGARH,Mungeli,17975.07,1957.8,0,2044.66,21977.53,1098.88,20878.65,10190.4,1552.05,11742.45,1646.13,9042.12,56
115,CHCHATISGARH,Narayanpur,22960.73,218.84,4254.64,375.96,27810.17,1851.88,25958.29,383.2,506.43,889.63,620.94,24954.15,3
116,CHCHATISGARH,Raigarh,32330.1,2233.08,3501.24,4993.84,43058.26,2962.61,40095.65,17787.91,3820.36,21608.27,4548.32,17799.26,54
117,CHCHATISGARH,Raipur,23706.25,10854.8,876.71,5064.06,40501.82,3256.21,37245.61,14901.51,6067.53,20969.04,6950.76,15393.34,56
118,CHCHATISGARH,Rajnandgaon,37890.69,6561.12,4897.76,7185.51,56535.08,4386.18,52148.9,27677.98,3889.94,31567.92,3976.66,20494.26,61
119,CHCHATISGARH,Sukma,33001.6,103.2,0,420.5,33525.3,2660.39,30864.91,857.86,564.99,1422.85,622.77,29384.28,5
120,CHCHATISGARH,Surajpur,53933.61,983.07,3737.63,3861.94,62516.25,3164.45,59351.8,17940.49,1856.28,19796.77,2399.84,39011.47,33
121,CHCHATISGARH,Surguja,41173.81,1150.6,3157.98,2582.2,48064.59,3520.9,44543.69,9916.7,2370.84,12287.54,2757.41,31869.58,28
122,DELHI,Darya Ganj,196.25,8.75,26.48,99.82,331.3,33.13,298.17,40.7,217.18,257.88,217.18,40.29,86
123,DELHI,Karol Bagh,29.34,1.12,3.46,8.56,42.48,4.25,38.23,10.42,49.8,60.22,49.79,0,158
124,DELHI,Pahar Ganj,63.43,2.79,8.01,18.36,92.59,9.26,83.33,0,74.02,74.02,74.01,9.32,89
125,DELHI,Gandhi Nagar,90.34,10.03,15.88,266.41,382.66,38.27,344.39,96.04,150.72,246.76,150.72,97.63,72
126,DELHI,Preet Vihar,119.9,74.86,21.07,879.93,1095.76,109.58,986.18,690.7,813.43,1504.13,813.43,0,153
127,DELHI,Vivek Vihar,98.32,12.86,17.28,119.79,248.25,24.83,223.42,57.36,403.68,461.04,403.68,0,206
128,DELHI,Chanakay Puri,88.35,35.34,19.53,266.16,409.38,40.94,368.44,250.41,153.39,403.8,153.39,0,110
129,DELHI,Connaught Place,92.48,10.59,13.62,83.31,200,20,180,20.83,198.78,219.61,198.78,0,122
130,DELHI,Parliament Street,61.66,7.78,13.63,57.51,140.58,14.06,126.52,21.36,88.47,109.83,88.47,16.69,87
131,DELHI,Civil Lines,541.02,49.05,83.19,433.15,1106.41,55.32,1051.09,85.55,784.37,869.92,784.37,181.17,83
132,DELHI,Kotwali,32.42,1.18,5.73,75.89,115.22,11.52,103.7,52.84,45.49,98.33,45.48,5.38,95
133,DELHI,Sadar Bazar,30.1,3.27,5.56,24.99,63.92,3.2,60.72,0,46.09,46.09,46.09,14.63,76
134,DELHI,Seelam Pur,210.21,24.26,36.94,694.85,966.26,96.63,869.63,328.91,587.81,916.72,587.81,0,105
135,DELHI,Seema Puri,110.1,0.79,12.9,3.15,126.94,12.69,114.25,0,195.31,195.31,195.31,0,171
136,DELHI,Shahdra,30.46,4.06,5.35,32.12,71.99,7.2,64.79,0,115.44,115.44,115.44,0,178
137,DELHI,Model Town,436.63,54.71,45.43,458.03,994.8,99.48,895.32,70.45,868.72,939.17,868.72,0,105
138,DELHI,Narela,1438.93,363.36,261.69,4180.18,6244.16,624.42,5619.74,1972.67,2951.01,4923.68,2951,696.06,88
139,DELHI,Saraswati Vihar,231.62,198.26,40.27,2351.56,2821.71,282.17,2539.54,1238.76,1173.65,2412.41,1173.65,127.13,95
140,DELHI,Defence Colony,280.48,84.52,61.98,385.82,812.8,81.28,731.52,299.42,422.99,722.41,422.99,9.11,99
141,DELHI,Hauz Khas,1082.98,225.82,122.41,543.43,1974.64,197.46,1777.18,466.71,4152.01,4618.72,4152.01,0,260
142,DELHI,Kalkaji,676.18,78.63,74.1,462.57,1291.48,129.15,1162.33,1127.22,2092.74,3219.96,2092.74,0,277
143,DELHI,Delhi Cantonment,522.19,82.13,84.54,471.98,1160.84,58.04,1102.8,369.03,945.21,1314.24,945.21,0,119
144,DELHI,Najafgarh,1116.79,425.04,214.37,6407.43,8163.63,816.36,7347.27,5787.04,1203.56,6990.6,1203.57,356.66,95
145,DELHI,Vasant Vihar,784.75,77.86,133.13,234.67,1230.41,123.04,1107.37,303.91,2668.11,2972.02,2668.11,0,268
146,DELHI,Patel Nagar,219.73,177,28.4,1422.71,1847.84,184.78,1663.06,73.81,2959.72,3033.53,2959.71,0,182
147,DELHI,Panjabi Bagh,78.64,163.89,0,1389.79,1632.32,163.23,1469.09,380.97,929.16,1310.13,929.17,158.95,89
148,DELHI,Rajouri Garden,97.25,25.99,11.39,201.79,336.42,16.82,319.6,18.45,722.37,740.82,722.37,0,232
149,GOA,North Goa,9395,51,0,5251,14697,5879,8818,1594,1818,3411,2197,5028,39
150,GOA,South Goa,5451,1010,644,2574,9678,3871,5807,554,1412,1966,1706,3547,34
151,GIJARAT,Ahmedabad,39327.77,8993.34,0,10008.78,58329.89,3071.48,55258.4,35069.4,7420,42489.4,9597,10592,77
152,GIJARAT,Amreli,76488.8,10666.14,0,12631.17,99786.11,4989.31,94796.8,59553.35,2637,62190.35,3532,31711.45,66
153,GIJARAT,Anand,31958.88,23846.82,0,26681.84,82487.54,4779.06,77708.48,37191.2,5652,42843.2,6875,33642.28,55
154,GIJARAT,Banaskantha,88500.43,13922.63,0,18015.04,120438.1,6164.97,114273.13,133217.08,5870,139087.08,7638,6622.84,122
155,GIJARAT,Bharuch,34201.93,2602.2,0,9872.66,46676.78,2333.84,44342.94,18361.7,2292,20653.7,2978,23003.24,47
156,GIJARAT,Bhavnagar,81802.34,17528.86,0,14091.79,113423,5671.15,107751.85,64735.3,6233.5,70968.8,7561,35455.55,66
157,GIJARAT,Dang,4624.21,2048.67,0,34.38,6707.26,335.36,6371.89,1441.5,582,2023.5,758,4172.39,32
158,GIJARAT,Dohad,22451.18,6805.08,0,9545.94,38802.2,1940.11,36862.09,13340.6,4571,17911.6,5547,17974.49,49
159,GIJARAT,Gandhinagar,35503.58,5245.2,0,2845.75,43594.52,2179.73,41414.79,57054,3112,60166,3753,0,145
160,GIJARAT,Jamnagar,80505.45,11681.29,0,7646.04,99832.78,4991.64,94841.14,57756.5,4500,62256.5,6033,31051.64,66
161,GIJARAT,Junagadh,115401.36,13671.87,0,16840.77,145914,7295.7,138618.3,84908.6,6869,91777.6,9203,44506.7,66
162,GIJARAT,Kachchh,59875.02,13036.63,0,13821.69,86733.34,4336.67,82396.68,63559.8,4529,68088.8,5694,14989.28,83
163,GIJARAT,Kheda,44245.2,15699.83,0,17741.37,77686.4,4021.93,73664.47,37168.1,6482.4,43650.5,7862,28634.37,59
164,GIJARAT,Mahesana,76463.4,10621.22,0,12992.13,100076.75,5003.84,95072.91,110581,4976,115557,6476,196.02,122
165,GIJARAT,Narmada,18167.03,1666.88,0,4453.99,24287.9,1214.39,23073.5,4412.6,1601,6013.6,2085,16575.9,26
166,GIJARAT,Navsari,19739.97,7852.87,0,13215.06,40807.9,2040.4,38767.51,14753.6,2344,17097.6,3117,20896.91,44
167,GIJARAT,Panchmahals,34908.1,18313.86,0,33012.76,86234.72,4311.74,81922.98,24649,5775,30424,7007,50266.98,37
168,GIJARAT,Patan,13641.37,7474.2,0,7257.54,28373.11,1418.66,26954.46,26758.5,1915,28673.5,2495,0,106
169,GIJARAT,Porbandar,17295.56,2149.96,0,1409.84,20855.36,1042.77,19812.59,13710.3,835,14545.3,1618,4484.29,73
170,GIJARAT,Rajkot,116081.86,20348.85,0,25253.85,161684.56,8084.23,153600.33,95511.1,8046,103557.1,10416,47673.23,67
171,GIJARAT,Sabarkantha,103933.01,17012.48,0,18065.89,139011.38,6950.57,132060.82,88314.2,5798,94112.2,7738,36008.62,71
172,GIJARAT,Surat,63262.07,56216.37,0,46869.42,166347.86,8317.39,158030.47,45722.5,6317,52039.5,8286,104021.97,33
173,GIJARAT,Surendranagar,68273.94,4254.01,0,6880.46,79408.41,3970.42,75437.99,42188,3055,45243,3936,29313.99,60
174,GIJARAT,Tapi,24597.97,10620.05,0,13133.73,48351.74,3708.3,44643.44,19396.5,1330,20726.5,1793,18750.53,46
175,GIJARAT,Vadodara,93739.69,11875.61,0,22433.01,128048.31,6402.42,121645.89,64595.6,8372.4,72968,10566,46484.29,60
176,GIJARAT,Valsad,27838,7553,0,6108,41498,2075,39423,16341,2608,18949,3165,19917,48
177,HARYANA,Ambala,30434,13023,9196,8762,61415,5109,56306,49756,7710,57466,4875,1675,102
178,HARYANA,Panchkula,8342,2516,2569,2141,15568,1015,14553,8862,2790,11652,377,5314,80
179,HARYANA,Fatehabad,14233,27295,3127,25599,70254,7025,63229,115758,365,116123,414,-52943,184
180,HARYANA,Bhiwani,26116,17183,4643,20881,68823,6702,62121,103397,1742,105139,2413.7,-43690,169
181,HARYANA,Hissar,23133,19722,4834,29151,76840,6662,70178,77990,310,78300,610,-8422,112
182,HARYANA,Gurgaon,12579,2785,4495,6616,26475,2648,23827,28062,3688,31750,2100,-6335,133
183,HARYANA,Mewat,11921,3964,4704,3405,23994,2180,21814,15016,1180,16196,2092,4705,74
184,HARYANA,Faridabad,6928,3650,3273,4737,18588,1447,17141,14777,2232,17009,1228,1136,99
185,HARYANA,Palwal,11890,16270,2533,20556,51248,5124,46124,46095,999,47094,1494,-1465,102
186,HARYANA,Jhajjar,14177,13651,3188,16163,47180,4717,42462,35002,295,35297,221,7239,83
187,HARYANA,Jind,18309,37489,9856,46874,112528,10350,102178,111148,3989,115137,3123,-12093,113
188,HARYANA,Kaithal,16114,22791,5204,15342,59450,5943,53507,114114,6573,120687,8238,-68845,226
189,HARYANA,Karnal,24827,18567,5315,29360,78069,6123,71946,85311,1853,87164,1755,-15120,121
190,HARYANA,Kurukshetra,21794,19239,4945,11468,57445,5746,51699,135122,9993,145115,11093,-94516,281
191,HARYANA,Mahendragarh,16907,1931,4444,4823,28105,2475,25630,21607,551,22158,2596,1427,86
192,HARYANA,Panipat,13748,8979,2597,11655,36979,3698,33281,53347,894,54241,794,-20860,163
193,HARYANA,Rewari,14503,4129,3513,12250,34395,3433,30962,27175,1164,28339,2068,1719,92
194,HARYANA,Rohtak,13014,16830,4636,18625,53105,5310,47795,33285,99,33384,1283,13227,70
195,HARYANA,Sirsa,13557,20891,5148,31156,70752,7074,63678,110751,849,111600,849,-47922,175
196,HARYANA,Sonepat,22527,28180,6067,31746,88519,8324,80195,86500,2361,88861,2169,-8474,111
197,HIMACHAL PRADESH,Yamunanagar,26469,11273,9165,9081,55988,4948,51040,58647,10215,68862,6554,-14161,135
198,HIMACHAL PRADESH,Indaura,7584.35,441.93,2556.12,883.85,11466.25,573.31,10892.94,5303.12,2220.2,7523.32,647.17,4942.65,69
199,HIMACHAL PRADESH,Nurpur,9929.58,123.06,2289.39,246.13,12588.16,629.41,11958.75,1476.75,2061.17,3537.92,976.44,9505.56,30
200,HIMACHAL PRADESH,Balh,1849.5,9.49,864.22,18.98,2742.19,137.11,2605.08,113.89,784.98,898.87,933.85,1557.34,35
201,HIMACHAL PRADESH,Paonta,5464.68,24.07,1009.72,48.13,6546.6,327.33,6219.27,288.79,598.35,887.14,1239.38,4691.1,14
202,HIMACHAL PRADESH,Kala Amb,58.28,3.97,16.15,7.93,86.33,4.32,82.01,47.58,289.37,336.95,42.48,-8.05,411
203,HIMACHAL PRADESH,Nalagarh,6296.76,134.39,1920.85,268.78,8620.78,431.04,8189.74,1612.64,2286.4,3899.04,1916.03,4661.07,48
204,HIMACHAL PRADESH,Una,8107.62,999.29,2689.81,1723.71,13520.43,676.02,12844.41,7050.11,2509.55,9559.66,1290.67,4503.63,74
205,JAMMU & KASHMIR,Hum,417.55,41.77,120.03,49.54,628.89,31.44,597.45,466.14,73.32,539.46,164.32,-33.01,90
206,JAMMU & KASHMIR,Jammu,28532.97,38738.05,12475.16,19457.2,99203.38,9814.14,89389.24,12093,10847.6,22940.6,9398.36,67897.88,26
207,JAMMU & KASHMIR,Samba,7746.98,6724.3,3453.45,6136.45,24061.18,3196.07,20865.11,900,5115,6015,2175.6,17789.51,29
208,JAMMU & KASHMIR,Kathua,15978.08,17400.4,5968.7694,10288.45,49635.7,3943.93,45691.77,5469,3830.2,9299.2,4597.19,35625.58,20
209,JAMMU & KASHMIR,Srinagar,2150.11,9199.2,1852.58,31.17,13233.06,880.43,12352.63,264,7920,8184,9761.26,2327.37,66
210,JAMMU & KASHMIR,Ganderbal,1899.28,9407.2,5324.4,122.85,16753.73,780.77,15972.96,235.5,4260.8,4496.3,3505.69,12231.77,28
211,JAMMU & KASHMIR,Anantnag,5642.06,31695.4,4955.92,779.7,43073.09,2550.471,40522.62,34.5,6239.6,6274.1,13460.778,27027.34,15
212,JAMMU & KASHMIR,Kulgam,2063.79,15533.4,1812.81,1524.9,20934.9,2550.471,18384.43,34.5,5525.1,5559.6,2192.536,16157.4,30
213,JAMMU & KASHMIR,Baramulla,21573.57,23093,10837.28,943.05,56446.91,4688.49,51758.42,364.5,4924.4,5288.9,7996.1,43397.82,10
214,JAMMU & KASHMIR,Bandipora,2049.31,8124,1029.45,1003.8,12206.56,465.925,11740.64,36,5150.9,5186.9,2581.2,9123.44,44
215,JAMMU & KASHMIR,Badgam,5640.595,21463.6,5494.4,2846.4,35444.995,2963.173,32481.82,61.5,8651.5,8713,6302.07,26118.25,27
216,JAMMU & KASHMIR,Pulwama,5118.32,22665.6,5602.13,1093.8,34479.85,2378.736,32101.114,30,7902.9,7932.9,5390.95,26680.16,25
217,JAMMU & KASHMIR,Shopian,1470.46,17090.2,1609.45,119.22,20289.33,710.53,19578.8,21,4800.3,4821.3,2299,17258.8,25
218,JAMMU & KASHMIR,Kupwara,7730.4,15819.8,4898.4,64.65,28513.25,2105.5,26407.75,24,4857.6,4881.6,9562.16,16821.59,18
219,JAMMU & KASHMIR,Udhampur,3775.78,1918.2,2267.12,3178,11139.1,452.31,10686.79,7.5,2956.8,2964.3,4199.4,6479.89,28
220,JAMMU & KASHMIR,Reasi,1211.862,1560,734.95,2266.35,5773.16,195.97,5577.19,7.5,2442.5,2450,2810.76,2758.93,44
221,JAMMU & KASHMIR,Ramban,216.72,4851.8,655.11,510,6233.63,567,5666.63,0,2772,2772,2873.86,2792.77,49
222,JAMMU & KASHMIR,Rajouri,4549.29,3314.2,2565.42,750.75,11179.66,1179.95,9999.71,235.5,3388.5,3624,5694.216,4069.99,34
223,JAMMU & KASHMIR,Kishtwar,443.83,4656.6,1224.52,911.55,7236.5,710.32,6526.18,0,382.8,382.8,1756.21,4769.97,6
224,JAMMU & KASHMIR,Poonch,2994.72,5393.4,3291.74,522.3,12202.16,1043.4,11158.77,4.5,3748.8,3753.3,4364.34,6789.92,34
225,JAMMU & KASHMIR,Doda,162.73,6895,492.21,1767,9316.94,848.06,8468.88,6,1813.4,1819.4,3672.09,4790.79,21
226,JAMMU & KASHMIR,Kargil,227.09,1480.05,1452.15,240.6,3399.89,158.337,3241.55,0,138,138,1064.99,2176.56,4
227,JAMMU & KASHMIR,Leh,723.8,1498.35,1239.59,398.25,3859.99,410.442,3449.55,6,124.6,130.6,1258.97,2184.59,4
228,JHARKHUND,Bokaro,23033.61,475.88,2325.32,898.61,26733.42,2014.94,24718.48,2380.5,9080.91,11461.41,1155,21182.98,46
229,JHARKHUND,Chatra,28610.09,496.15,2540.35,1640.19,33286.78,2902.66,30384.12,7463.5,2205.34,9668.84,620,22300.62,32
230,JHARKHUND,Deoghar,19926.15,158.65,2346.91,531.17,22962.88,2296.29,20666.59,2426.63,2001.22,4427.84,767,17472.97,21
231,JHARKHUND,Dhanbad,16128.37,1739.4,1761.93,2301.36,21931.06,1960.68,19970.38,1765.5,13544.34,15309.84,926,17278.88,77
232,JHARKHUND,Dumka,27924.48,391.56,3058.53,1550.19,32924.76,2770.44,30154.32,7693.75,1944.69,9638.44,781,21679.57,32
233,JHARKHUND,East Singhbhum,28503.59,87.93,3934.6,343.99,32870.11,3287.01,29583.1,1692.75,4126.01,5818.76,864,27026.35,20
234,JHARKHUND,Garhwa,30034.94,92.52,1427.38,346.81,31901.65,2963.32,28938.33,1651.38,1859.83,3511.2,786,26500.95,12
235,JHARKHUND,Giridih,41502.81,174.01,4190.74,587.42,46454.98,4123.13,42331.85,2689.88,4302.72,6992.59,1447,38194.98,17
236,JHARKHUND,Godda,21479.69,128.34,3431.87,360.92,25400.82,2427.08,22973.74,1471.25,2215.91,3687.16,785,20717.49,16
237,JHARKHUND,Gumla,42355.94,237.7,8263.99,933.27,51790.9,4423.19,47367.71,4603.5,1480.94,6084.44,608,42156.21,13
238,JHARKHUND,Hazaribagh,31664.94,153.6,4894.67,310.15,37023.36,2798.58,34224.78,885.38,3495.21,4380.59,994,32345.41,13
239,JHARKHUND,Jamtara,10023.11,108.2,921.02,426.85,11479.18,751.44,10727.74,2112.75,1078.3,3191.05,449,8165.99,30
240,JHARKHUND,Khunti,13954.06,145.1,2400.76,568.5,17068.42,1206.48,15861.94,2799.75,761.41,3561.16,309,12753.19,22
241,JHARKHUND,Koderma,8563.23,74.21,785.75,295.46,9718.65,782.69,8935.96,1472.63,1004.94,2477.56,376,7087.34,28
242,JHARKHUND,Latehar,19745.68,147.21,3496.32,516.69,23905.9,1577.79,22328.11,2396.5,1229.67,3626.17,438,19493.61,16
243,JHARKHUND,Lohardaga,17069.5,65.69,2740.37,253.8,20129.36,1852.27,18277.09,1237,590.39,1827.39,254,16786.09,10
244,JHARKHUND,Pakur,11393.35,69.17,2730.41,268.01,14460.94,1355.97,13104.97,1309.5,1346.71,2656.21,531,11264.47,20
245,JHARKHUND,Palamau,32472.24,259.01,2526.07,972.7,36230.02,3095.94,33134.08,4708.5,3033.59,7742.09,1116,27309.58,23
246,JHARKHUND,Ramgarh,9342.66,529.18,1135.12,783.81,11790.77,1128.96,10661.81,1126.75,5634.02,6760.77,543,8992.06,63
247,JHARKHUND,Ranchi,36157.48,395.36,6041.71,1321.18,43915.73,3601.51,40314.22,6027.38,4709.36,10736.73,1135,33151.84,27
248,JHARKHUND,Sahebganj,22760.58,81.3,2846.52,312.93,26001.33,2408.84,23592.49,1521,1733.21,3254.21,647,21424.49,14
249,JHARKHUND,Saraikela - Kharsawan,12405.86,41.86,1118.43,157.64,13723.79,1372.38,12351.41,753,1735.57,2488.57,547,11051.41,20
250,JHARKHUND,Simdega,27209.61,109.12,4375.94,422.64,32117.31,2793.29,29324.02,2064.5,812.69,2877.19,347,26912.52,10
251,JHARKHUND,West Singhbhum,28338.38,35.64,3774.44,123.53,32271.99,3047.25,29224.74,550.5,2412.4,2962.9,860,27814.24,10
252,KARNATAKA,Bagalkote,13180,15127,5950,9993,44250,3636,40614,33563,3397,36959,4966,7175,91
253,KARNATAKA,Bangalore Rural,8080,3447,4999,3524,20050,1126,18924,22824,2228,25051,2250,0,132
254,KARNATAKA,Bangalore Urban,6838,1218,3624,1583,13262,695,12568,12473,6381,18854,6381,0,150
255,KARNATAKA,Belgaum,31660,47403,10926,23207,113196,10053,103143,75403,6875,82278,10549,21655,80
256,KARNATAKA,Bellary,21478,23266,13408,15125,73276,6970,66305,24851,3768,28619,6410,35378,43
257,KARNATAKA,Bidar,21027,2220,3874,3989,31110,1973,29137,16047,2039,18085,3021,10070,62
258,KARNATAKA,Bijapur,27339,7979,9209,7203,51730,3770,47960,31247,5356,36603,8336,8378,76
259,KARNATAKA,Chamrajnagara,15207,11108,6062,7603,39980,2812,37168,26694,2402,29096,2915,10857,78
260,KARNATAKA,Chikballapur,11478,8404,7901,4539,32322,2708,29614,41425,1404,42829,1501,250,145
261,KARNATAKA,Chikmagalur,35469,12546,12862,6528,67406,12104,55301,22455,2458,24913,3490,29501,45
262,KARNATAKA,Chitradurga,22359,8851,15463,8257,54930,4863,50067,48900,3915,52815,4628,2641,105
263,KARNATAKA,Dakshin Kannada,40482,1722,7174,3515,52893,19899,32995,19802,3274,23076,4215,8977,70
264,KARNATAKA,Davangere,22127,10614,13697,15111,61548,4832,56716,47750,3818,51568,5007,8553,91
265,KARNATAKA,Dharwad,17088,3826,6236,2584,29733,5901,23832,12087,2685,14772,4649,7096,62
266,KARNATAKA,Gadag,10616,5772,6012,4619,27018,2025,24994,21025,2095,23121,2741,3198,93
267,KARNATAKA,Gulbarga,29555,5208,9049,25938,69749,5853,63896,17033,3444,20476,7650,39213,32
268,KARNATAKA,Hassan,20686,28756,13069,18648,81159,8392,72768,38560,2826,41386,3915,30560,57
269,KARNATAKA,Haveri,16407,23541,9235,6758,55941,3869,52072,31838,3009,34847,4816,15435,67
270,KARNATAKA,Kodagu,18475,1577,9156,1236,30444,4821,25623,5560,1434,6994,1889,18174,27
271,KARNATAKA,Kolar,13326,6353,7515,7380,34574,1827,32746,58921,3438,62359,3438,0,190
272,KARNATAKA,Koppal,13636,19903,7018,19673,60230,5717,54513,22057,2518,24575,4131,28325,45
273,KARNATAKA,Mandya,12189,45549,7482,38921,104141,10136,94004,43281,2410,45691,4316,46407,49
274,KARNATAKA,Mysore,18777,19258,12551,12837,63422,5013,58410,23537,4044,27581,6250,28623,47
275,KARNATAKA,Raichur,19191,30077,9152,33339,91759,8732,83027,23696,2788,26484,5111,54220,32
276,KARNATAKA,Ramanagara,9392,4405,7004,4044,24846,1678,23168,19918,6294,26212,6377,464,113
277,KARNATAKA,Shimoga,39539,35873,11424,19968,106804,15901,90903,23797,2943,26740,5877,61230,29
278,KARNATAKA,Tumkur,28669,22448,20112,16010,87239,5633,81606,75323,4326,79649,6660,11414,98
279,KARNATAKA,Udupi,46777,973,5995,1770,55516,21755,33761,9839,2722,12561,3874,20048,37
280,KARNATAKA,Uttar kannada,70340,3664,5611,3356,82972,30456,52516,17207,3587,20794,10920,24389,40
281,KARNATAKA,Yadgir,13013,6646,5425,13201,38285,3336,34949,9232,1339,10571,2841,22876,30
282,KERALA,Alappuzha,28700,67,7091,10869,46727,3566,43161,3893,9855,13748,9453,29815,32
283,KERALA,Ernakulam,38788,304,7264,13502,59858,5986,53872,7700,12178,19878,13638,32533,37
284,KERALA,Idukki,17048,189,3276,1757,22270,2227,20043,5516,4637,10153,4046,10481,51
285,KERALA,Kannur,45281,0,0,6831,52112,5211,46901,8012,10567,18579,10999,27889,40
286,KERALA,Kasargod,31746,770,0,4643,37158,3716,33442,16397,6561,22958,7180,9865,69
287,KERALA,Kollam,27379,138,8949,3880,40346,3891,36455,4995,11282,16277,12893,18567,45
288,KERALA,Kottayam,31597,105,6607,6994,45304,4530,40774,4850,8282,13132,9155,26769,32
289,KERALA,Kozhikode,35393,148,0,1286,36827,3683,33144,4411,13429,17839,14590,14144,54
290,KERALA,Malappuram,42101,330,6401,8552,57383,5696,51687,9560,20654,30214,23886,18241,58
291,KERALA,Palakkad,33473,895,6068,30433,70870,7087,63783,21858,13426,35285,14112,27899,55
292,KERALA,Pathanamthitta,20200,121,6344,3508,30174,2901,27273,3647,5645,9292,5433,18193,34
293,KERALA,Trivandrum,22497,240,6603,3050,32389,2765,29624,5291,12563,17854,12888,11445,60
294,KERALA,Thrissur,46381,875,0,17004,64261,6086,58175,20470,12337,32808,12938,24766,56
295,KERALA,Wayanad,30553,30,0,634,31217,3122,28096,1576,3898,5474,3777,22743,19
296,MADHYA PRADESH,Alirajpur,19191.82,823.1,0,1448.74,21463.66,1073.18,20390.48,4750.28,2213.72,6964,5824,9816.2,34
297,MADHYA PRADESH,Agar,36674.73,2061.45,0,8251.14,46987.32,2349.37,44637.95,37308.18,1272.29,38580.47,1790.1,5539.67,86
298,MADHYA PRADESH,Anupur,33590.79,95.36,5577.68,233.85,39497.68,1974.89,37522.79,1122.34,1209.16,2331.5,2700.4,33700.05,6
299,MADHYA PRADESH,Ashoknagar,36014.15,1787.64,0,6046.9,43848.69,2192.51,41656.18,19542.35,1602.5,21144.85,2584,19529.83,51
300,MADHYA PRADESH,Balaghat,83218.32,3972.9,8090.86,2730.51,98012.59,4900.97,93111.62,10860.16,3178.92,14039.08,4145,78106.46,15
301,MADHYA PRADESH,Barwani,36922.22,1608.16,0,5775.65,44306.03,2215.3,42090.73,31115.06,3242.63,34357.69,4714.6,6261.07,82
302,MADHYA PRADESH,Bhind,52460.95,793.56,1546.75,11341.93,66143.19,3332.85,62810.34,23723.56,2860.69,26584.25,8094,30992.78,42
303,MADHYA PRADESH,Bhopal,32025.09,1913.4,0,5630.96,39569.45,1978.47,37590.98,24889.03,2874.92,27763.95,3512.71,9189.24,74
304,MADHYA PRADESH,Betul,94253.18,3660.07,11957.14,11055.68,120926.07,6000.13,114925.94,62997.1,3475.04,66472.14,4914,47014.84,58
305,MADHYA PRADESH,Burhanpur,28866.6,913.96,0,4275.55,34056.11,1702.81,32353.3,24460.62,1212.39,25673.01,1562,6330.68,79
306,MADHYA PRADESH,Chhatarpur,65915.85,3698.68,0,14049.49,83664.02,4156.91,79507.11,46826.13,3196.17,50022.3,4618.01,28062.97,63
307,MADHYA PRADESH,Chhindwara,103113.36,4312.48,11904.87,14033.34,133364.05,6668.27,126695.78,66603.33,5474.03,72077.36,7279,52813.45,57
308,MADHYA PRADESH,Damoh,30727.61,1579,0,8960.48,41267.09,2063.36,39203.73,22773.4,2301.39,25074.79,3254.51,13175.82,64
309,MADHYA PRADESH,Datia,30023.02,766.82,0,7025.73,37815.57,1890.6,35924.97,15362.68,1274.69,16637.37,1954,18608.29,46
310,MADHYA PRADESH,Dewas,71679.07,3016.28,2670.07,11404.21,88769.63,4438.45,84331.18,67877.65,4066.48,71944.13,4955.03,11498.5,85
311,MADHYA PRADESH,Dhar,84510.7,4664.9,0,20377.75,109553.35,5481.52,104071.83,79322.11,5337.12,84659.23,10632.42,14117.3,81
312,MADHYA PRADESH,Dindori,39718.11,119.17,4682.65,396.97,44916.9,2243.87,42673.03,1350.29,1397.26,2747.55,1715,39607.74,6
313,MADHYA PRADESH,Guna,64983.8,3607.01,0,12073.02,80663.83,4045.51,76618.32,38692.19,2625.89,41318.08,3498.81,34427.32,54
314,MADHYA PRADESH,Gwalior,38069.48,4664.33,562.86,15572.82,58869.49,3013.17,55856.32,19811.88,1484.87,21296.75,6090.31,29954.13,38
315,MADHYA PRADESH,Harda,38346.24,2598.48,0,15558.05,56502.77,2815.83,53686.94,14155.84,1010.13,15165.97,1329,38202.1,28
316,MADHYA PRADESH,Hoshangabad,148471.94,10274.43,0,60539.74,219286.11,10963.87,208322.24,39242.87,3067.7,42310.57,4349,164730.37,20
317,MADHYA PRADESH,Indore,44562.76,4116.67,0,13134.42,61813.85,3090.77,58723.08,65164.51,3721.02,68885.53,4501.77,-10943.2,117
318,MADHYA PRADESH,Jabalpur,53095.45,2668.53,980.43,6627.1,63371.51,3169.37,60202.14,25989.84,3500.83,29490.67,5198,29014.3,49
319,MADHYA PRADESH,Jhabua,21844.53,787.69,0,2184.05,24816.27,1240.31,23575.96,9000.64,2542.3,11542.94,5689.44,8885.88,49
320,MADHYA PRADESH,Katni,35274.65,1841.98,0,4802.18,41918.81,2095.59,39823.22,13609.97,2640.66,16250.63,4528,21685.25,41
321,MADHYA PRADESH,Khargone,59372.35,3184.01,0,12771.42,75327.78,3713.65,71614.13,48826.49,3698.67,52525.16,5923.44,16864.2,73
322,MADHYA PRADESH,Khandwa,70273.8,2012.27,0,10446.48,82732.55,4136.82,78595.73,48690.44,2934.56,51625,4976,24929.29,66
323,MADHYA PRADESH,Mandla,49542.28,854.68,6601.47,3815.77,60814.2,2867.25,57946.95,6090.69,2405.35,8496.04,3359.61,48496.65,15
324,MADHYA PRADESH,Mandsaur,46294.84,2459.51,0,11364.78,60119.13,3005.96,57113.17,54142.79,2979.39,57122.18,3352.55,-382.17,100
325,MADHYA PRADESH,Morena,42924.13,868.68,694.25,20366.68,64853.74,3254.6,61599.14,19609.61,4487.31,24096.92,9549.51,32440.02,39
326,MADHYA PRADESH,Neemuch,31855.76,3758.56,0,7610.23,43224.55,2161.23,41063.32,32576.45,1644.67,34221.12,1973,6513.87,83
327,MADHYA PRADESH,Narsinghpur,110324.93,3673.57,0,17905.89,131904.39,6595.25,125309.14,81427.18,2222.12,83649.3,3066.08,40815.88,67
328,MADHYA PRADESH,Panna,53572.84,732.98,0,3017.86,57323.68,2866.18,54457.5,13326.22,1915.83,15242.05,3536,37595.28,28
329,MADHYA PRADESH,Raisen,82252.15,3143.19,0,8999.3,94394.64,4656.72,89737.92,37548.25,3310.34,40858.59,4412,47777.67,46
330,MADHYA PRADESH,Rajgarh,83148.57,3719.62,0,11829.17,98697.36,4934.87,93762.49,71529.52,3165.76,74695.28,4811.23,17421.74,80
331,MADHYA PRADESH,Ratlam,57659.69,4955.58,0,18595.7,81210.97,4060.54,77150.43,95656.9,2592.92,98249.82,3268.51,-21774.98,127
332,MADHYA PRADESH,Rewa,50181.32,1272.86,3571.69,10017.67,65043.54,3184.23,61859.31,26197.55,5028.44,31225.99,6205,29456.76,50
333,MADHYA PRADESH,Satna,47623.63,2879.56,3248.95,10951.52,64703.66,3322.85,61380.81,39664.57,4793.54,44458.11,6459.35,15256.89,72
334,MADHYA PRADESH,Sagar,108423.48,3640.5,0,15607.78,127671.76,6383.6,121288.16,70597.54,3013.65,73611.19,8255,42435.62,61
335,MADHYA PRADESH,Sehore,67863.68,3918.88,0,14792.49,86575.05,4328.75,82246.3,50999.57,2375.16,53374.73,5787,25459.73,65
336,MADHYA PRADESH,Seoni,72003.21,1475.54,3608.77,4878.39,81965.91,4098.17,77867.74,20440.37,3210.04,23650.41,9115.39,48311.98,30
337,MADHYA PRADESH,Shahdol,59265.54,236.48,7158.85,986.92,67647.79,3380.31,64267.48,2420.92,2107.21,4528.13,5283,56563.56,7
338,MADHYA PRADESH,Shajapur,49259.82,2849.13,0,9820.81,61929.76,3096.49,58833.27,57711.43,2090.06,59801.49,2336.24,-1214.4,102
339,MADHYA PRADESH,Sheopur,31760.05,649.17,0,13781.95,46191.17,4127.55,42063.62,14015.12,1337,15352.12,1781,26267.5,37
340,MADHYA PRADESH,Shivpuri,62231.56,3176.11,0,13329.33,78737,4450.25,74286.75,48341.24,3356.44,51697.68,4617.56,21327.95,70
341,MADHYA PRADESH,Sidhi,27564.01,598.9,3514.15,2689.5,34366.56,1699.42,32667.14,7180.12,2640.52,9820.64,3576,21911.02,30
342,MADHYA PRADESH,Singrauli,34125.66,728.73,0,2237.42,37091.81,1854.6,35237.21,8728.29,2488.1,11216.39,4170.79,22338.13,32
343,MADHYA PRADESH,Tikamgarh,41738.47,2681.19,0,10498.45,54918.11,2745.9,52172.21,35228.51,2830.15,38058.66,6032.89,10910.81,73
344,MADHYA PRADESH,Umaria,41465.73,366.13,5916.7,897.93,48646.49,2432.33,46214.16,3866.29,1377.94,5244.23,4024.6,38323.27,11
345,MADHYA PRADESH,Ujjain,78204.33,4718.53,0,18410.43,101333.29,5066.66,96266.63,87195.07,3048.53,90243.6,3805.04,5266.52,94
346,MADHYA PRADESH,Vidisha,76186.97,2296.53,0,10540.86,89024.36,4447.23,84577.13,46353.86,3406.81,49760.67,5648.52,32574.75,59
347,MAHARASHTRA,Ahmednagar,95601.25,14619.56,25412.14,52791.67,188424.63,9930.86,178493.77,133519.33,4833.4,138352.73,8745.35,43606.01,78
348,MAHARASHTRA,Akola,32424.47,1285.53,1758.83,7380.7,42849.53,2421.55,40427.98,16146.9,1413.58,17560.48,2819.79,21461.3,43
349,MAHARASHTRA,Amravati,61476.81,4823.3,7386.52,27917.95,101604.57,5080.23,96524.34,67495.7,2870.52,70366.22,5121,30229.26,73
350,MAHARASHTRA,Aurangabad,70006.92,5609.39,2662.69,33564.15,111843.14,5623.39,106219.76,77357.33,3288.67,80645.99,6426.51,23275.18,76
351,MAHARASHTRA,Beed,84481.01,7452.96,15607.3,29540.57,137081.84,6854.09,130227.75,65453.94,4896.46,70350.41,9792.92,54980.88,54
352,MAHARASHTRA,Bhandara,32769.93,5723.24,3904.41,13439.19,55836.77,3038.5,52798.27,19559.67,3185.41,22745.07,6296.92,26941.69,43
353,MAHARASHTRA,Buldhana,68227.36,5193.7,5542.8,20455.31,99419.17,4970.96,94448.21,64278.73,3565.94,67844.68,6841.92,24555.48,72
354,MAHARASHTRA,Chandrapur,101730.03,4723.36,0,5966.47,112419.86,5620.99,106798.86,10401.36,8332.02,18733.38,16664.04,79733.46,18
355,MAHARASHTRA,Dhule,49496.49,5622.81,0,19488.35,74607.65,4119.12,70488.53,34967.48,1786.61,36754.09,3520.35,32000.7,52
356,MAHARASHTRA,Gadchiroli,83840.67,1919.75,0,7379.27,93139.7,4656.98,88482.71,20553.49,3133.85,23687.34,6261.48,61667.74,27
357,MAHARASHTRA,Gondia,39321.46,6110.74,3209.05,17087.69,65728.95,3713.48,62015.47,12301.26,5960.03,18261.29,11920.06,37794.15,29
358,MAHARASHTRA,Hingoli,49296.06,1530.87,7211.48,36626.92,94665.33,4795.61,89869.73,36251.18,2062.52,38313.7,4125.04,49493.51,43
359,MAHARASHTRA,Jalgaon,93409.56,4810.23,4650.97,44126.46,146997.22,7442.41,139554.81,102010.44,4881.9,106892.33,8671.06,32554.95,77
360,MAHARASHTRA,Jalna,60331.03,2750.85,692.73,25565.34,89339.95,4875.89,84464.07,43770.69,1360.75,45131.44,2721.5,37971.87,53
361,MAHARASHTRA,Kolhapur,59764.92,8867.2,3667.49,59567.6,131867.21,6971.12,124896.1,48658.89,1436.04,50094.93,2872.08,73365.13,40
362,MAHARASHTRA,Latur,50585.86,3961.41,0,17012.84,71560.11,3578.01,67982.1,51112.21,2249.36,53361.57,4085.7,14980.57,78
363,MAHARASHTRA,Nagpur,71693.57,4427.49,11334.08,28369.76,115824.9,5791.24,110033.65,55781.95,5929.04,61710.99,11699.78,42551.92,56
364,MAHARASHTRA,Nanded,105861.07,882.4,16607.75,17585.22,140936.45,7052.15,133884.3,34725.4,3309.99,38035.4,6618.94,92539.96,28
365,MAHARASHTRA,Nandurbar,42593.32,2235.11,0,8437.21,53265.64,2988.83,50276.81,22405.6,3085.97,25491.58,6171.95,21699.26,51
366,MAHARASHTRA,Nashik,147883.34,10527.6,285.4,43692.96,202389.29,10942.27,191447.02,106355.59,3518.53,109874.12,6525.52,82424.97,57
367,MAHARASHTRA,Osmanabad,65225.72,7164.26,8022.2,16654.48,97066.67,4853.33,92213.34,54752.49,2305.61,57058.11,4447.04,33226.98,62
368,MAHARASHTRA,Parbhani,57441.09,888.4,3870.48,24575.71,86775.68,4460.47,82315.21,35413.93,2015.09,37429.02,4009.9,42891.39,45
369,MAHARASHTRA,Pune,101905.14,12904.56,3568.4,65283.89,183662,9652.65,174009.35,120523.31,8015.8,128539.11,14444.4,44233.51,74
370,MAHARASHTRA,Raigad,36139.11,352.4,0,5443.73,41935.24,2133.3,39801.94,4195.14,2094.08,6289.23,4188.16,31418.63,16
371,MAHARASHTRA,Ratnagiri,46668.99,134.69,0,1843.88,48647.56,2436.04,46211.53,4194.18,1248.51,5442.69,2497.02,39520.33,12
372,MAHARASHTRA,Sangli,56693.61,10911.63,2462.01,30585.54,100652.79,5234.69,95418.1,71147.46,2835.92,73983.38,5105.76,20936.96,78
373,MAHARASHTRA,Satara,59260.16,8757.87,10544.24,26006.09,104568.35,5316.75,99251.6,71821.96,5072.92,76894.88,9820.46,17760.32,77
374,MAHARASHTRA,Sindhudurg,25173.86,142.92,208.73,1936.46,27461.97,1373.1,26088.87,6361.98,1963.31,8325.29,3926.61,15800.27,32
375,MAHARASHTRA,Solapur,99444.95,13137.57,13436.88,40846.07,166865.46,8500.34,158365.12,114689.73,4862.7,119552.43,9039.12,39516.89,75
376,MAHARASHTRA,Thane,36679.41,484.13,0,6126.36,43289.91,2191.04,41098.86,7471.1,1516.02,8987.12,3032.03,30595.72,22
377,MAHARASHTRA,Wardha,60983.82,505.64,9366.49,16401.19,87257.13,4432.4,82824.73,37306.69,3755.57,41062.27,7511.15,38006.89,50
378,MAHARASHTRA,Washim,44896,2826.45,1680.01,10655.09,60057.55,3004.09,57053.46,20173.57,1615.38,21788.95,3230.76,33649.13,38
379,MAHARASHTRA,Yeotmal,104323.96,2996.45,19473.47,14027,140820.88,7078.37,133742.51,21553.99,5752.54,27306.53,11505.07,100683.44,20
380,MANIPUR,Imphal West-I Block,2682.93,86.38,2201.92,172.85,5144.08,514.41,4629.67,93.31,25.95,119.26,404.33,4132.03,2.58
381,MANIPUR,Imphal West-II Block,2272.38,111.74,1864.97,223.49,4472.58,447.26,4025.32,12.04,3.99,16.03,942.37,3070.91,0.4
382,MANIPUR,Imphal East-I Block,2223.68,77.04,1825,154.09,4279.81,427.98,3851.83,6.02,2,8.02,902.84,2942.97,0.21
383,MANIPUR,Imphal East-II Block,4545.71,87.65,3730.72,174.95,8539.03,853.9,7685.13,27.09,6.99,34.08,282.99,7375.05,0.44
384,MANIPUR,Thoubal Block,3093.49,165.92,2538.86,331.87,6130.14,613.02,5517.12,33.11,5.99,39.1,745.34,4738.67,0.71
385,MANIPUR,Kakching Block,1814.08,146,1488.84,292.04,3740.96,374.09,3366.87,57.19,4.99,62.18,352.23,2957.45,1.85
386,MANIPUR,Bishnupur Block,2673.38,62.42,2194.08,124.88,5054.76,505.48,4549.28,33.11,5.99,39.1,480.09,4036.08,0.86
387,MANIPUR,Moirang Block,2062.32,67.45,1692.58,134.92,3957.27,395.73,3561.54,24.08,3.99,28.07,293.1,3244.36,0.79
388,MANIPUR,Khuga catchment/ Khuga Valley *,3064.84,158.82,2515.36,317.71,6056.73,605.67298,5451.06,75.25,9.98,85.23,452.73,4923.08,1.56
389,MEGHALAYA,East Khasi Hills,32240,0,1726,861,34826,3483,31343,0,200,200,6040,25303,0.64
390,MEGHALAYA,West Khasi Hills,24637,0,1395,830,26863,2686,24177,0,14,14,1835,22342,0.06
391,MEGHALAYA,South West Khasi Hills,14785,0,838,302,15926,1593,14333,0,5,5,1835,12498,0.04
392,MEGHALAYA,East Jaintia Hills,45056,0,2703,995,48754,4875,43879,0,33,33,742,43137,0.07
393,MEGHALAYA,West Jaintia Hills,31668,0,1897,997,34561,3456,31105,5,34,39,1697,29403,0.12
394,MEGHALAYA,Ri-Bhoi,10559,0,585,2263,13406,1340,12066,0,20,20,1912,10154,0.17
395,MEGHALAYA,East Garo Hills,10136,0,475,942,11553,1156,10397,0,13,13,980,9417,0.13
396,MEGHALAYA,North Garo Hills,17784,0,835,713,19331,1933,17398,150,10,160,929,16319,0.92
397,MEGHALAYA,West Garo Hills,79681,0,3518,1580,84780,8478,76302,300,49,349,3053,72949,0.46
398,MEGHALAYA,South West Garo Hills,22661,0,1001,490,24151,2415,21736,350,15,365,813,20573,1.68
399,MEGHALAYA,South Garo Hills,15323,0,348,716,16387,1639,14748,0,2,2,897,13851,0.02
400,MIZORAM,Aizawl ,347.28,NA,154.13,NA,501.42,50.14,451.27,0,22.99,22.99,56.16,395.11,5.09
401,MIZORAM,Champhai ,624.55,NA,261.5,NA,886.05,88.6,797.44,0,17.49,17.49,32.92,764.52,2.19
402,MIZORAM,Kolasib ,391.15,NA,134.37,NA,525.53,52.55,472.98,0,8.69,8.69,22.1,450.88,1.84
403,MIZORAM,Lawngtalai ,538.24,NA,154.41,NA,692.65,69.27,623.39,0,9.41,9.41,31.61,591.76,1.51
404,MIZORAM,Lunglei,256.85,NA,77.75,NA,334.6,33.46,301.14,0,25.74,25.74,40.24,260.9,8.55
405,MIZORAM,Mamit ,291.93,NA,116.41,NA,408.33,40.83,367.5,0,5.17,5.17,23.17,344.33,1.41
406,MIZORAM,Saiha,250.39,NA,67.07,NA,317.45,31.75,285.71,0,3.41,3.41,14.87,270.84,1.19
407,MIZORAM,Serchipp,199.35,NA,76.89,NA,276.24,27.62,248.62,0,11,11,17.1,231.52,4.42
408,MIZORAM,Kohima,11240,NA,5531,NA,16770,1677,15093,0,489.53,489.53,134.59,14959.41,3.2
409,MIZORAM,Dimapur,7812,NA,3844,NA,11655,1166,10490,0,1043.76,1043.76,723.06,9766.94,10
410,MIZORAM,Phek,16693,NA,8214,NA,24907,2491,22416,0,264.05,264.05,61.14,22354.86,1.2
411,MIZORAM,Mokokchung,12525,NA,6163,NA,18689,1869,16820,0,239.94,239.94,38.04,16780.96,1.4
412,MIZORAM,Zunheboto,9402,NA,4626,NA,14028,1403,12625,0,188.14,188.14,33.4,12591.6,1.5
413,MIZORAM,Wokha,12769,NA,6283,NA,19052,1905,17147,0,250.52,250.52,52.57,17094.43,1.5
414,NAGALAND,Tuenchung,21035,NA,10351,NA,31386,3139,28247,0,304.15,304.15,66.27,28180.73,1.1
415,NAGALAND,Mon,14187,NA,6981,NA,21168,2117,19051,0,351.62,351.62,66.95,18984.05,1.8
416,NAGALAND,Peren,12945,NA,6370,NA,19316,1932,17384,0,133.79,133.79,25.47,17358.53,0.8
417,NAGALAND,Kiphire,8261,NA,4065,NA,12326,1233,11093,0,103.98,103.98,19.8,11073.2,0.9
418,NAGALAND,Longleng,3329,NA,1638,NA,4966,497,4470,0,70.93,70.93,13.51,4456.49,1.6
419,ODISHA,Angul,37078,4312,1645,5795,48830,2753,46077,12934,3698,16632,4786,28357,36
420,ODISHA,Balasore,78853,13281,4808,19543,116485,6422,110063,52556,6095,58651,10072,47435,53
421,ODISHA,Bargarh,38893,4556,1127,4261,48837,2783,46054,9706,3180,12886,4097,32250,28
422,ODISHA,Bhadrak,26200,8525,1862,11629,48216,2807,45409,24521,2361,26882,3612,17276,59
423,ODISHA,Bolangir,45972,5958,3265,5599,60794,3138,57656,11283,2968,14250,3464,42909,25
424,ODISHA,Boudh,14105,7742,1930,6123,29900,2061,27839,5238,912,6150,1460,21141,22
425,ODISHA,Cuttack,38608,12326,2430,22353,75717,5001,70716,21925,6129,28054,8143,40648,40
426,ODISHA,Deogarh,13351,4256,0,4566,22173,1544,20629,3116,652,3768,1020,16493,18
427,ODISHA,Dhenkanal,36582,3574,2820,3896,46872,2608,44264,9897,2819,12716,3558,30809,29
428,ODISHA,Gajapati,10985,3549,5802,3673,24009,1339,22670,5769,1061,6830,1302,15599,30
429,ODISHA,Ganjam,52792,33115,21513,15650,123070,8529,114541,30028,7062,37090,9836,74677,32
430,ODISHA,Jagatsinghpur,20734,9595,2328,16026,48683,3654,45029,21813,1899,23712,2563,20653,53
431,ODISHA,Jajpur,39472,4761,7385,8786,60404,3471,56933,26128,2347,28476,3181,27624,50
432,ODISHA,Jharsuguda,14605,1572,0,1600,17777,986,16791,3984,1459,5443,1830,10977,32
433,ODISHA,Kalahandi,49321,15576,0,15088,79985,5074,74911,12049,4137,16187,9644,53218,22
434,ODISHA,Kandhamal,46661,5696,16364,5610,74331,4065,70266,8704,1679,10383,2580,58982,15
435,ODISHA,Kendrapara,5926,4318,179,7282,17705,924,16781,9147,625,9772,830,6804,58
436,ODISHA,Keonjhar,67852,5920,4720,7605,86097,4774,81323,20630,4069,24699,6407,54286,30
437,ODISHA,Khurda,27948,7316,8884,6639,50787,3169,47618,11286,5341,16627,8317,28015,35
438,ODISHA,Koraput,56710,7072,4249,5587,73618,4501,69117,5317,2489,7806,3928,59872,11
439,ODISHA,Malkangiri,25865,5111,1091,3824,35891,2293,33598,2845,1136,3981,1860,28893,12
440,ODISHA,Mayurbhanj,87685,31446,10090,29333,158554,10360,148194,40751,5556,46307,8989,98454,31
441,ODISHA,Nabarangapur,46035,1724,3730,1615,53104,2798,50306,5446,2918,8364,6815,38045,17
442,ODISHA,Nayagarh,25801,6297,6747,6714,45559,2877,42682,9224,2036,11260,2854,30604,26
443,ODISHA,Nuapada,25491,5113,0,5314,35918,2232,33686,6311,1489,7800,3262,24113,23
444,ODISHA,Puri,35384,7829,11480,8202,62895,4089,58806,10249,3066,13315,5170,43387,23
445,ODISHA,Rayagada,42949,10007,7779,9408,70143,4462,65681,8809,1984,10793,3332,53540,16
446,ODISHA,Sambalpur,34746,10749,0,10989,56484,3964,52520,7200,2440,9640,3403,41917,18
447,ODISHA,Subarnapur,17161,2348,607,2531,22647,1218,21429,3443,1238,4681,1843,16143,22
448,ODISHA,Sundergarh,65419,9060,0,7621,82100,4775,77325,14154,4466,18621,6542,56628,24
449,PUNJAB,Amritsar,31505,105098,8276,49958,194837,19484,175354,214857,5758,220615,7888,-47391,126
450,PUNJAB,Barnala,12048,38649,2261,15396,68354,6835,61518,117876,1323,119200,1758,-58117,194
451,PUNJAB,Bathinda,27287,63805,5024,61883,157998,13823,144175,130255,3123,133378,4467,9453,93
452,PUNJAB,Faridkot,12423,38807,2169,14883,68281,6828,61453,94880,3313,98193,3730,-37157,160
453,PUNJAB,Fatehgarh Sahib,16051,35729,3631,9852,65263,6526,58737,109995,2034,112028,2412,-53670,191
454,PUNJAB,Fazilka,20520,45701,3239,34232,103693,10369,93323,85719,2807,88526,3882,3722,95
455,PUNJAB,Ferozepur,17728,101830,5275,26383,151215,13716,137499,196392,1935,198327,2588,-61481,144
456,PUNJAB,Gurdaspur,40050,102020,10846,28731,181648,17175,164473,198971,4466,203437,5301,-39799,124
457,PUNJAB,Hoshiarpur,48129,28410,12080,12010,100629,9523,91106,85840,4403,90242,4966,301,99
458,PUNJAB,Jalandhar,36029,73150,8248,27473,144900,14490,130410,264505,7425,271930,9404,-143499,209
459,PUNJAB,Kapurthala,21525,45859,5835,9741,82960,8296,74664,148991,3806,152797,4183,-78511,205
460,PUNJAB,Ludhiana,47978,128976,10154,49196,236305,23630,212674,333230,10605,343835,13512,-134069,162
461,PUNJAB,Mansa,17805,55495,3548,38062,114911,11491,103420,143197,13,143210,13,-39791,138
462,PUNJAB,Moga,21767,84416,4225,19114,129522,12952,116570,239509,1855,241363,2360,-125299,207
463,PUNJAB,Muktsar,20742,28362,3859,31619,84583,8458,76125,51061,2460,53521,2460,22604,70
464,PUNJAB,Nawanshahr,20792,32784,4903,16002,74481,7448,67033,69991,1457,71448,1612,-4570,107
465,PUNJAB,Patiala,43509,88156,9210,29245,170120,17012,153108,285530,4332,289862,6381,-138803,189
466,PUNJAB,Pathankot,14456,9214,4240,6170,34081,2121,31959,18497,1827,20324,2173,11288,64
467,PUNJAB,Ropar,18105,14211,4265,9337,45918,3845,42073,43686,2425,46111,2752,-4365,110
468,PUNJAB,Mohali,19373,6173,4231,2404,32181,3218,28963,23323,5051,28374,6735,-1095,98
469,PUNJAB,Sangrur,39861,107177,8902,36856,192796,19280,173517,362759,3668,366426,4795,-194037,211
470,PUNJAB,Tarn Taran,26846,87490,7185,35168,156689,15669,141020,185665,2531,188196,3736,-48381,133
471,RAJASTHAN,Ajmer,27309.03,1516.75,0,6547.9,35373.68,3307.53,32066.15,42400.35,4740.12,47140.47,4780.69,0,147
472,RAJASTHAN,Alwar,68629.55,4480.48,7513.86,13315.3,93939.2,8435.34,85503.86,136205.42,12664.6,148870.02,12082.26,50.35,174
473,RAJASTHAN,Banswara,10629.26,1569.69,0,15633.94,27832.89,4174.92,23657.97,9537.99,1932.88,11470.87,2424.15,11695.83,48
474,RAJASTHAN,Baran,37057.95,4656.56,0,14457.27,56171.78,5617.2,50554.58,55493.89,5112.36,60606.25,8983.58,5470.07,120
475,RAJASTHAN,Barmer,25719.48,628.44,0,1453.28,27801.2,2597.76,25203.44,24351.04,6863.6,31214.64,6529.73,2160.73,124
476,RAJASTHAN,Bharatpur,37978.78,2589.64,1655.1,8383.04,50606.56,4906.06,45700.5,47429.31,6854.81,54284.12,7838,880.95,119
477,RAJASTHAN,Bhilwara,33289.91,2408.94,0,11926.62,47625.47,4595.18,43030.29,56126.45,4144.95,60271.4,2896.95,3.64,140
478,RAJASTHAN,Bikaner,24223.55,235.12,0,1025.65,25484.32,1274.21,24210.11,26932.98,8948.7,35881.68,8774.35,4508.77,148
479,RAJASTHAN,Bundi,21518.51,2170.96,0,16751,40440.47,5507.8,34932.67,30468.89,2729.94,33198.83,3790.1,4939.32,95
480,RAJASTHAN,Chittaurgarh,25987.41,1986.27,0,10099,38072.68,3687.47,34385.21,44922.51,1497.53,46420.04,5035.95,0,135
481,RAJASTHAN,Churu,14182.21,0,0,0,14182.21,709.11,13473.1,9945.78,2529,12474.78,5779.65,3046.77,93
482,RAJASTHAN,Dausa,21801.67,1788.35,339.46,4312.94,28242.42,2808.83,25433.59,39022.94,2554.22,41577.16,2906.12,0,163
483,RAJASTHAN,Dhaulpur,23243.56,1344.36,0,5362.63,29950.56,2418.52,27532.04,30952.17,2914.52,33866.69,3577.71,1751.59,123
484,RAJASTHAN,Dungarpur,8068.92,1288.02,0,5320.37,14677.3,1344.53,13332.77,8675.7,904.29,9579.99,3575.29,1637.16,72
485,RAJASTHAN,Ganganagar,2732.7,14447.22,664.23,22568.46,40412.61,4041.27,36371.34,15726.9,594.3,16321.2,1485.75,19512.59,45
486,RAJASTHAN,Hanumangarh,2849.45,5091.16,314.31,10004.48,18259.4,1825.95,16433.45,13355.91,749,14104.91,1123.51,1954.05,86
487,RAJASTHAN,Jaipur,59950.28,2416.02,3294.11,6439.52,72099.93,7021.11,65078.82,117891.64,31596.29,149487.93,37904.13,502.88,230
488,RAJASTHAN,Jaisalmer,6949.03,15.3,0,52.27,7016.6,654.6,6362,12558.56,3273.23,15831.79,2561.01,2393.45,249
489,RAJASTHAN,Jalor,41074.54,1131.8,0,4474.38,46680.72,4036.01,42644.71,78962.16,4196.76,83158.92,4288.38,1150.76,195
490,RAJASTHAN,Jhalawar,45084.69,2537.51,0,18855.84,66478.04,11797.37,54680.67,52181.92,1757.09,53939.01,2643.15,3328.69,99
491,RAJASTHAN,Jhunjhunun,21482.6,494.46,3493.13,2089.63,27559.81,2483.55,25076.26,46268.45,10405.13,56673.58,9289.82,322.65,226
492,RAJASTHAN,Jodhpur,39439.14,698.81,1595.88,2156.24,43890.07,4337.78,39552.29,77929.93,12828.9,90758.83,13192.7,5109.17,229
493,RAJASTHAN,Karauli,31628.47,1092.42,0,3149.59,35870.48,3462.12,32408.36,42186.98,5217.52,47404.5,5337.46,857.82,146
494,RAJASTHAN,Kota,32091.51,3481.93,0,22098.44,57671.87,5446.21,52225.66,49673.66,5020.15,54693.81,9099.44,6706.06,105
495,RAJASTHAN,Nagaur,50680.13,510.73,4126.04,2203.5,57520.39,5604.86,51915.53,82336.25,19293.25,101629.5,19588.62,4137.78,196
496,RAJASTHAN,Pali,27194.32,841.59,0,4627.35,32663.26,3201.41,29461.85,31490.91,3393.7,34884.61,3550.27,1392.72,118
497,RAJASTHAN,Pratapgarh,11381.2,1099.2,0,4658.19,17138.59,1585.36,15553.23,17385.76,608.68,17994.44,2824.25,851.68,116
498,RAJASTHAN,Rajsamand,8544.74,951.55,0,2933.95,12430.24,1243.05,11187.19,10310.48,1547.63,11858.11,3641.6,69.61,106
499,RAJASTHAN,Sawai Madhopur,34805.98,1513.12,0,4919.05,41238.16,3352.84,37885.32,38764.21,8178.26,46942.47,8182.55,358.75,124
500,RAJASTHAN,Sikar,26717.6,538.81,3989.48,1616.39,32862.28,3158.51,29703.77,38040.24,6913.23,44953.47,9332.85,856.04,151
501,RAJASTHAN,Sirohi,26133.76,902.58,0,3330.76,30367.11,2848.81,27518.3,30650.67,1108.48,31759.15,1411.88,1163.48,115
502,RAJASTHAN,Tonk,35862.12,3286.11,0,9522.62,48670.85,4429.7,44241.15,36519.28,7554.14,44073.42,9246.55,2565.7,100
503,RAJASTHAN,Udaipur,21401.63,1550.48,0,9150.44,32102.55,3741.75,28360.8,24143.33,3129.84,27273.17,7839.28,932.33,96
504,TAMILNADU,Ariyalur,18501.09,14472.61,3331.68,2863.2,39168.58,3916.86,35251.72,13264.47,2269.52,15534,2416.32,19570.93,44
505,TAMILNADU,Chennai,1507.57,0,155.66,0,1663.23,166.32,1496.9,0,2768.26,2768.26,4783.4,-3286.49,185
506,TAMILNADU,Coimbatore,23854.87,9918.47,6088.47,10083.55,49945.37,4994.54,44950.83,37775.17,5131.28,42906.45,5695.72,1479.94,95
507,TAMILNADU,Cuddalore,54122.89,76991.16,7290.33,4367.91,142772.29,14277.23,128495.06,51766.31,34160.25,85926.56,34550.88,42177.87,67
508,TAMILNADU,Dharmapuri,18300.67,14245.02,3936.29,4262.08,40744.07,4074.41,36669.66,45262.44,1903.07,47165.51,2163.03,-10755.81,129
509,TAMILNADU,Dindigul ,28201.76,14717.19,6753.51,14790.5,64462.96,6446.3,58016.67,60102.31,2468.3,62570.61,2978.07,-5063.718677,108
510,TAMILNADU,Erode ,18150.67,44594.91,4734.24,6991.57,74471.4,7447.14,67024.26,57638.3,6029.53,63667.83,6446.14,2939.82,95
511,TAMILNADU,Kancheepuram,39764.25,60450.45,3891.37,13057.96,117164.02,11716.4,105447.62,63406,5062.76,68468.76,7056.19,34985.43,65
512,TAMILNADU,Kanniyakumari,6482.034,13913.175,3186.222,3039.248,26620.679,2662.068,23958.611,3192.9875,1059.93,4252.92,1498.7,19266.92533,18
513,TAMILNADU,Karur,12827.83,14656.08,4171.08,3152.98,34807.98,3480.8,31327.18,28365.87,1921.71,30287.58,2184.21,777.09,97
514,TAMILNADU,Krishnagiri,18866.13,11874.79,5051.48,3568.81,39361.2,3936.12,35425.08,38331.3,2158.18,40489.48,2455.17,-5361.39,114
515,TAMILNADU,Madurai,19000.09,38423.45,4474.74,8988.35,70886.63,7088.66,63797.96,39040.31,4010.38,43050.69,4777.33,19980.32,67
516,TAMILNADU,Nagapattinam,7699.06,8453.34,962.84,1267.11,18382.35,1838.24,16544.12,15718.3,1005.9,16724.2,1139.7,-313.88,101
517,TAMILNADU,Namakkal,15068.67,16547.67,3698.31,5142.05,40456.71,4045.67,36411.04,43872.62,2194.58,46067.2,2394.94,-9856.52,127
518,TAMILNADU,Nilgiris,11489.2,206.52,2718.84,99.91,14514.46,1451.45,13063.02,602,533.38,1135.38,599.48,11861.53,9
519,TAMILNADU,Perambalur,9886.51,9422.31,2002.4,2589.05,23900.27,2390.03,21510.24,25081.84,1162.69,26244.53,1256.82,-4828.41,122
520,TAMILNADU,Pudukkottai,32655.97,53813.23,8591.77,14485.46,109546.43,10954.64,98591.79,36092.1,2184.25,38276.35,2465.3,60034.39,39
521,TAMILNADU,Ramanathapuram,13902.83,31102.99,4557.26,8173.04,57736.13,5773.61,51962.52,5931.04,1403.53,7334.57,1671.89,44359.59,14
522,TAMILNADU,Salem,24823.77,19897.46,5191.89,10763.96,60677.09,6067.71,54609.38,58715.04,4984.54,63699.58,5303.45,-9409.12,117
523,TAMILNADU,Sivagangai,19777.74,58564.75,4809.26,17535.62,100687.37,10068.74,90618.63,17771.25,1401.34,19172.59,1684.34,71163.05,21
524,TAMILNADU,Thanjavur,34518.3,34707.43,5801.61,7919.42,82946.75,8294.68,74652.08,73452.65,2517.97,75970.62,2888.96,-1689.54,102
525,TAMILNADU,Theni,12078.02,14613.1,8342.69,7949.83,42983.63,4298.36,38685.27,29341.1,754.22,30095.32,898.45,8445.72,78
526,TAMILNADU,Thirunelveli,27573.65,56865.41,9166.99,7327.09,100933.15,10093.32,90839.84,56980.26,2011.28,58991.54,2390.86,31468.72,65
527,TAMILNADU,Thiruvallur,25814.59,48563.48,2001.54,1911.55,78291.16,7829.12,70462.05,29548.04,18598.82,48146.86,19141.09,21772.92,68
528,TAMILNADU,Thiruvannamalai,40412.49,73856.89,5223.55,4604.26,124097.19,12409.72,111687.47,99684.23,3278.01,102962.24,3725.78,8277.45,92
529,TAMILNADU,Thiruvarur,14236.15,12665.29,1989.2,4511.77,33402.41,3340.24,30062.17,22440.25,1343.36,23783.61,1526.86,6095.05,79
530,TAMILNADU,Thoothukudi,17749.74,25783.35,5770.64,7011.77,56315.5,5631.55,50683.95,20056.05,1591.15,21647.2,1895.44,28732.46,43
531,TAMILNADU,Tiruchy,22918.12,44440.59,4482.72,6013.11,77854.54,7785.45,70069.09,49515.74,7175.3,56691.04,7451.28,13102.08,81
532,TAMILNADU,Tiruppur,20702.35,14107.38,5114.77,10492.8,50417.29,5041.73,45375.57,47619.24,3319.59,50938.83,3593.61,-5837.28,112
533,TAMILNADU,Vellore,27371.76,28411.08,5009.04,4731.2,65523.07,6552.31,58970.76,54257.79,6548.26,60806.05,7353.64,-2640.67,103
534,TAMILNADU,Villupuram,52900.59,97858.36,6552.43,7989.73,165301.11,16530.11,148771,141402.85,5010.48,146413.34,5688.53,1679.61,98
535,TAMILNADU,Virudhunagar,20769.7,22583.37,7014.81,8903.64,59271.52,5927.15,53344.37,31730.44,2017.71,33748.15,2513.11,19100.82,63
536,TELANGANA,Adilabad,134072,20183,29299,22680,206234,18764,187470,64218,7503,71721,12632,110620,38
537,TELANGANA,Karimnagar,85309,32311,18937,61419,197976,18344,179633,120625,16239,136864,46578,12430,76
538,TELANGANA,Khammam,105130,12436,30811,25670,174047,14742,159305,54538,6077,60615,9144,95623,38
539,TELANGANA,Mahbubnagar,93749,31386,29192,33697,188024,18730,169294,75667,10747,86414,14617,79010,51
540,TELANGANA,Medak,75233,14904,1315,21835,113287,10517,102770,71410,4936,76346,9895,21465,74
541,TELANGANA,Nalgonda,100411,44061,667,40360,185499,17248,168251,98868,10087,108955,12590,56794,65
542,TELANGANA,Nizamabad,65712,27968,16028,34758,144466,13337,131128,79763,4160,83923,8278,43087,64
543,TELANGANA,Rangareddy & Hyderabad,44711,5590,12691,8702,71694,6931,64763,34598,8248,42846,25998,4167,66
544,TELANGANA,Warangal,109041,22757,26084,35313,193195,16787,176408,100657,8241,108898,15712,60039,62
545,TRIPURA,West Tripura ,46162.77,0,21425.38,25363.09,92951.24,8765.18,84186.06,7134,3184.35,10318.35,8462.55,68589.51,12.3
546,TRIPURA,South Tripura ,29306.64,0,21169.87,17200.36,67676.88,3982.73,63694.14,1980,1777.21,3757.21,5624.64,56089.5,5.9
547,TRIPURA,North Tripura ,19082.26,0,16038.83,9046.79,44167.88,3666.86,40501.03,174,1415.89,1589.89,4073.4,36253.62,3.9
548,TRIPURA,Dhalai,19524.17,0,15117.28,7711.48,42352.93,3833.28,38519.65,30,778.3,808.3,1800.11,36689.54,2.1
549,UTTAR PRADESH,Agra,50080.33,12074.69,8142.72,22170.07,92467.81,9002.44,83465.37,85348.2,9658.76,95006.96,11653.2,5875.11,114
550,UTTAR PRADESH,Aligarh,42336.61,12208.23,8552.59,23752.13,86849.56,7860.75,78988.81,59009.41,7559.84,66569.25,12154.25,11670.63,84
551,UTTAR PRADESH,Allahabad,87028.66,26082.4,0,28959.34,142070.4,7271.37,134799.03,84964.93,16778.9,101743.83,20807.63,29337.92,75
552,UTTAR PRADESH,Ambedkar Nagar,42481.9,20978.2,10664.25,22976.96,97101.31,7527.6,89573.71,59962.4,4807.74,64770.14,6692,22919.31,72
553,UTTAR PRADESH,Amethi,51069.4,22653.53,3249.26,32600.93,109573.12,9342.25,100230.87,68020.78,5105.59,73126.37,6800.1,25409.99,73
554,UTTAR PRADESH,Amroha,45283.47,8402.81,7072.47,12756.64,73515.39,6509.25,67006.14,66896.07,3185.71,70081.78,4473.59,0,105
555,UTTAR PRADESH,Auraiya,28171.87,12733.16,0,27033.83,67938.86,3396.94,64541.92,41916.3,2846.95,44763.25,4057.7,18567.92,69
556,UTTAR PRADESH,Azamgarh,67999.46,24632.79,11114.8,33710.25,137457.3,6872.87,130584.44,71691.25,13638.24,85329.49,20477.28,38900.68,65
557,UTTAR PRADESH,Baghpat,31290.76,8059.28,0,14893.12,54243.16,2712.16,51531,47274.5,2307.33,49581.83,3063.95,2505.93,96
558,UTTAR PRADESH,Bahraich,95364.26,5868.41,5581.01,10978.84,117792.52,10243.24,107549.28,53488.56,6797.74,60286.3,12950.95,41109.77,56
559,UTTAR PRADESH,Ballia,41078.7,16776.44,7060.08,21001.17,85916.39,7911.44,78004.95,47954.04,6950.07,54904.11,12095.51,17955.4,70
560,UTTAR PRADESH,Balrampur,73414.86,5612.47,0,10331.44,89358.77,4467.94,84890.83,37313.54,4218.96,41532.5,5583.47,41993.82,49
561,UTTAR PRADESH,Banda,54331.2,9728.51,0,8661.2,72720.91,3636.05,69084.87,34505.92,2693.36,37199.28,3925.64,30653.31,54
562,UTTAR PRADESH,Barabanki,95513.81,40082.22,18264.15,71795.39,225655.57,18973.49,206682.08,134488.31,7687.53,142175.84,10576.98,61616.79,69
563,UTTAR PRADESH,Bareilly,91726.15,27516.99,3544.49,42505.41,165293.04,8264.65,157028.39,109698.77,9438,119136.77,9341.86,37987.76,76
564,UTTAR PRADESH,Basti,62995.49,10255.68,14749.67,14737.9,102738.74,5136.94,97601.8,68133.98,5475.09,73609.07,7723.08,21744.74,75
565,UTTAR PRADESH,Bijnor,107726.18,9311.85,12093.81,13769.87,142901.7,12853.6,130048.09,84789.02,7027.11,91816.13,10807.73,38051.01,71
566,UTTAR PRADESH,Budaun,93022.6,11877.92,4793.52,21311.51,131005.55,6550.28,124455.27,95954.07,7157.47,103111.54,10589.69,18902.53,83
567,UTTAR PRADESH,Bulandshahar,50063.04,36214.02,6766.49,52926.88,145970.43,11935.48,134034.95,115312.17,6228.1,121540.27,8195.17,14677.86,91
568,UTTAR PRADESH,Chandauli,40171.85,24139.51,0,17284.23,81595.59,4079.78,77515.81,26043.9,4197.67,30241.57,5894.83,45577.08,39
569,UTTAR PRADESH,Chitrakoot,24312.81,1161.89,0,1491.71,26966.41,1348.32,25618.09,14323.53,2154.57,16478.1,4205.73,8209.93,64
570,UTTAR PRADESH,Deoria,64978.75,12673.73,9514.71,19332.95,106500.14,5325.01,101175.13,70802.04,7504.54,78306.58,10006.31,20366.79,77
571,UTTAR PRADESH,Etah,32150.12,11426.95,5710.8,20577.59,69865.46,6717.14,63148.32,48360.47,4010.88,52371.35,5637.52,10299.72,83
572,UTTAR PRADESH,Etawah,34022.16,13297.01,0,25241.9,72561.07,3628.05,68933.02,32436.12,2596.92,35033.04,3353.12,33143.78,51
573,UTTAR PRADESH,Faizabad,46994.51,14663.67,9072.61,17237.52,87968.31,4398.42,83569.89,52107.33,3892.2,55999.53,5400.06,26062.5,67
574,UTTAR PRADESH,Farrukhabad,40816,5989.4,4337.43,11085.43,62228.26,3111.41,59116.85,42575.43,3417.09,45992.52,5090.03,11451.39,78
575,UTTAR PRADESH,Fatehpur,75244.73,21580.95,0,28378.39,125204.07,6260.2,118943.87,100112.87,5820.84,105933.71,7666.29,11525.26,89
576,UTTAR PRADESH,Firozabad,34842.43,13015.73,5702.93,23926.39,77487.48,7748.75,69738.73,76264.44,5684.64,81949.08,7143.52,4814.17,118
577,UTTAR PRADESH,Ghaziabad,10213.16,7087.85,1366.87,12103.76,30771.64,1538.58,29233.06,26449,4802.26,31251.26,9022.51,2621.65,107
578,UTTAR PRADESH,G.B. Nagar,13693.81,8554.74,1893.95,20836.11,44978.61,3815.72,41162.88,40431.18,1938.07,42369.25,2936.92,2156.26,103
579,UTTAR PRADESH,Ghazipur,52998.13,27754.96,11596.66,36162.49,128512.24,6425.61,122086.63,82469.8,8120.51,90590.31,11861.97,28263.58,74
580,UTTAR PRADESH,Gonda,79970.53,9910.61,18433.54,19753.81,128068.49,6403.42,121665.07,74902.26,6725.68,81627.94,9581.83,37180.98,67
581,UTTAR PRADESH,Gorakhpur,121910.71,12732.43,30276.82,20613.05,185533.01,9276.65,176256.36,88074.03,7181.03,95255.06,13661.18,74521.15,54
582,UTTAR PRADESH,Hamirpur,32311.43,5399.53,7263.09,12447.73,57421.78,2871.09,54550.69,30692.36,2951.58,33643.94,4943.55,18775.25,62
583,UTTAR PRADESH,Hapur,20209.27,7170.54,2637.74,13209.41,43226.96,4322.7,38904.26,39067.6,2996.84,42064.44,4051.03,1140.79,108
584,UTTAR PRADESH,Hardoi,99875.62,31619.44,1470.54,49836.98,182802.58,9140.13,173662.45,116339.31,8680.75,125020.06,11042.19,46280.95,72
585,UTTAR PRADESH,Hathras,24683.92,12743.07,3964.99,23212.99,64604.96,6025.04,58579.92,53080.26,2802.02,55882.28,5471.03,6723.02,95
586,UTTAR PRADESH,Jalaun,74345.19,20243.45,10518.55,55488.39,160595.58,8029.78,152565.8,48707.47,4206.81,52914.28,4207.35,99650.98,35
587,UTTAR PRADESH,Jaunpur,90155.83,24776.55,0,36969.62,151902,7595.1,144306.9,113843.15,11356.37,125199.52,16612.22,19234,87
588,UTTAR PRADESH,Jhansi,40971.89,4207.03,7044,16864.85,69087.77,3454.39,65633.38,38013.13,3953.9,41967.03,6163.6,21456.65,64
589,UTTAR PRADESH,Kannauj,35237.08,9327.75,3678.09,20581.32,68824.24,6230.02,62594.22,39808.61,3342.67,43151.28,4877.89,21900.31,69
590,UTTAR PRADESH,Kanpur Dehat,51004.43,13722.01,0,22516.53,87242.97,4362.15,82880.82,56920.07,3916.8,60836.87,5777.97,20182.78,73
591,UTTAR PRADESH,Kanpur Nagar,56638.36,12534.65,0,24240.31,93413.32,5524.07,87889.25,56733.14,20555.53,77288.67,26350.86,4805.25,88
592,UTTAR PRADESH,Kasganj,25422.24,10493.16,4531.33,16497.02,56943.75,5176.48,51767.26,41748.22,3466.52,45214.74,4206.05,4346.23,87
593,UTTAR PRADESH,Kaushambi,37505.75,7215.81,1472.37,7853.76,54047.69,2702.38,51345.31,39747.55,3675.87,43423.42,3500.43,9217.8,85
594,UTTAR PRADESH,Kushi Nagar,89472,32475.33,11618.19,41691.89,175257.41,8762.87,166494.54,70364.745,7644.09,78008.84,14299.52,81830.27,47
595,UTTAR PRADESH,Lakhimpur Khiri,156998.13,33820.01,39283.6,66101.45,296203.19,14810.16,281393.03,145792.7,10055.27,155847.97,16008.45,119591.88,55
596,UTTAR PRADESH,Lalitpur ,33110.91,5259,5604.91,14409.24,58384.06,2919.2,55464.86,30810.13,2845.75,33655.88,4825.22,19829.51,61
597,UTTAR PRADESH,Lucknow,42979.95,12170.9,0,19133.23,74284.08,4239.25,70044.83,39588.8,16205.47,55794.27,20311.32,10144.71,80
598,UTTAR PRADESH,Maharajganj,56730.16,20124.72,14733.36,26477.93,118066.17,5903.31,112162.86,62941.69,5759.73,68701.42,10069.32,39151.86,61
599,UTTAR PRADESH,Mahoba,13608.13,1222.44,0,3613.78,18444.35,922.22,17522.13,17720.33,1686.39,19406.72,2674.69,0,111
600,UTTAR PRADESH,Mainpuri,43035.32,16922.09,7561.41,32564.79,100083.61,8500.65,91582.96,74933.22,3612.42,78545.64,5280.12,14890.14,86
601,UTTAR PRADESH,Mathura,40265.47,24646.5,7051.34,44493.96,116457.28,11645.73,104811.55,92383.56,4003.12,96386.68,6189.57,22239.36,92
602,UTTAR PRADESH,Maunath Bhanjan,30417.44,6603.25,6223.62,7593.93,50838.24,2541.91,48296.33,29634.54,4124.54,33759.08,7289.34,11372.45,70
603,UTTAR PRADESH,Meerut,47358.83,26497.45,5769.93,44372.06,123998.27,9133.71,114864.56,77846.01,7997.46,85843.47,9992.67,29539.03,75
604,UTTAR PRADESH,Mirzapur,40894.15,11503.68,0,12521.01,64918.84,3381.56,61537.28,32213.04,6409.44,38622.48,10388.07,19554.78,63
605,UTTAR PRADESH,Moradabad,43412.26,11891.98,5599.05,15155.74,76059.02,6966.99,69092.04,61753.55,5019.88,66773.43,7969.26,5800.72,97
606,UTTAR PRADESH,Muzzafarnagar,48007.84,16944.2,9681.94,29703.67,104337.65,9960.59,94377.07,58207.39,3845.71,62053.1,8288.64,31711.26,66
607,UTTAR PRADESH,Pilibhit,89974.81,19546.07,0,27652.98,137173.86,6858.69,130315.17,80601.56,4639.43,85240.99,6779.63,42933.98,65
608,UTTAR PRADESH,Pratapgarh,71491.37,34097.57,12551.25,43332.2,161472.39,9172.2,152300.19,150235.43,7645.22,157880.65,10294.06,14371.19,104
609,UTTAR PRADESH,Raebareli,67465.35,16135.35,6911.31,24569.11,115081.12,5754.06,109327.06,61559.25,5816.59,67375.84,7884.56,39883.25,62
610,UTTAR PRADESH,Rampur,51195.14,9321.59,5789.24,13700.73,80006.7,7013.6,72993.11,66044.29,4307.31,70351.6,6679.75,8904.24,96
611,UTTAR PRADESH,Saharanpur,78255.16,22413.29,12140.5,34239.93,147048.88,12162.48,134886.4,171401.54,5523.42,176924.96,8804.22,325.72,131
612,UTTAR PRADESH,Sambhal,47531.06,7346.19,4613.65,11926.85,71417.75,3570.89,67846.86,63446.21,4139.17,67585.38,6126.3,2964.14,100
613,UTTAR PRADESH,Sant Kabeer Nagar,50457.5,4553.12,12695.04,8106.29,75811.95,3790.6,72021.35,36849.78,3926.89,40776.67,5845.7,29325.87,57
614,UTTAR PRADESH,Sant Ravidas Nagar,24966.1,9118.93,0,10936.91,45021.94,2251.1,42770.85,34032.48,4078.72,38111.2,6390.42,2034.84,89
615,UTTAR PRADESH,Shajahanpur,98419.43,15802.84,10945.38,22484.68,147652.33,7382.62,140269.71,78191.38,6957.58,85148.96,11007.88,51070.45,61
616,UTTAR PRADESH,Shamli,21558.92,8123.93,4276.26,12125.91,46085.02,3533.86,42551.16,46799.52,2282.5,49082.02,3457.2,1027.96,115
617,UTTAR PRADESH,Shrawasti,29055.79,3438.91,6987.71,5913.51,45395.92,2269.8,43126.12,27581.5,2277.74,29859.24,4315.27,11229.35,69
618,UTTAR PRADESH,Siddharth Nagar,101866.46,7499.68,4821.79,15007.9,129195.83,6459.79,122736.04,48261.31,5912.46,54173.77,9387.51,65087.22,44
619,UTTAR PRADESH,Sitapur,119147.12,37065.09,0,71975.96,228188.17,11409.41,216778.76,133515.17,10508.98,144024.15,16062.38,67201.21,66
620,UTTAR PRADESH,Sonbhadra,19077.3,3378.27,0,1438.49,23894.06,2005.13,21888.93,7786.26,1877.55,9663.81,6705.71,7396.96,44
621,UTTAR PRADESH,Sultanpur,52162.64,24231.82,2932.31,32772.43,112099.2,5604.96,106494.24,65089.89,4967.21,70057.1,6914.89,34489.46,66
622,UTTAR PRADESH,Unnao,82455.05,37683.18,0,60897.2,181035.43,9051.77,171983.66,117423.82,7797.44,125221.26,11459.29,43100.55,73
623,UTTAR PRADESH,Varanasi,34067.44,7290.49,0,9808.71,51166.64,2558.33,48608.31,35106.33,10124.09,45230.42,11497.15,4485.36,93
624,UTTARAKHUND,Dehradun ,28303.59,1343.88,5184.58,1782.2,36614.25,156.3,36457.92,4291.97,638.4,4930.37,4060.86,28105.09,14
625,UTTARAKHUND,Haridwar,31278.34,15661.27,10140.62,31403.63,88483.86,2353.25,86130.61,40614.23,7992.45,48606.68,2220.02,43296.36,56
626,UTTARAKHUND,Udham Singh Nagar ,43113.99,4529.02,7702.55,8739.27,64084.83,663.41,63421.38,33912.1,5466.3,39378.4,23543.76,5965.52,62
627,UTTARAKHUND,Nainital,7640.93,661.31,1199.3,1191.78,10693.32,92.65,10600.66,5295.2,549.48,5844.68,241.48,5063.98,56
628,WEST BENGAL,Coochbehar,185334.09,60379.13,5143.37,12100.71,262957.3,26295.71,236661.59,42261.5,4447.27,46708.77,5988.25,188411.84,20
629,WEST BENGAL,Jalpaiguri,228086.62,65301.46,3939.51,12078.29,309405.88,30940.59,278465.29,8241.2,4395.75,12636.95,5908.97,264315.12,5
630,WEST BENGAL,Darjeeling,39186.21,13052.71,0,0,52238.92,5223.89,47015.03,1169.1,1478.05,2647.15,2012.74,43833.19,6
631,WEST BENGAL,Uttar Dinajpur,91467.43,22166.67,7541.41,24353.83,145529.34,12014.51,133514.83,78133.6,4811.27,82944.87,7569.33,47811.9,62
632,WEST BENGAL,Dakshin Dinajpur,65504.74,17257.72,6432.72,18756.55,107951.73,9115.64,98836.09,50706,2618.71,53324.71,3349.33,44780.76,54
633,WEST BENGAL,Malda,96263.27,21992.81,9181.2,23347.7,150784.98,14697.37,136087.61,59108.6,6392.43,65501.03,9828.37,67150.64,48
634,WEST BENGAL,Murshidabad,137803.88,38349.83,19693.42,53252.88,249100.01,23373.65,225726.36,186187,10286.71,196473.71,17323.82,22215.54,87
635,WEST BENGAL,Nadia,113617.65,43916.37,18299.88,47699.21,223533.1,18795.48,204737.62,179222.2,8117.25,187339.45,10601.16,14914.26,92
636,WEST BENGAL,North 24-Parganas,105327.29,27207.49,8147.66,25564.5,166246.93,16307.62,149939.31,84524.6,14404.77,98929.37,19035.91,46378.8,66
637,WEST BENGAL,Howrah,18922.39,5987.95,1114.8,6932.33,32957.47,3295.74,29661.73,4970,2356.32,7326.32,6038.57,18653.16,25
638,WEST BENGAL,Hooghly,87499.21,24032.23,6344.07,21148.49,139024,13902.41,125121.59,54601.8,7171.42,61773.22,10669.27,59850.52,49
639,WEST BENGAL,Burdwan,170643.19,42504.98,13283.39,35214.86,261646.42,24768.66,236877.76,94059.6,9608.01,103667.61,15762.29,127055.87,44
640,WEST BENGAL,Birbhum,83998.75,20743.15,7628.72,16112.27,128482.89,11908.95,116573.94,36191.8,3948.14,40139.94,7780.42,72601.72,34
641,WEST BENGAL,Bankura,98905.53,24886.5,21562.59,32647.44,178002.06,16232.96,161769.1,69980.27,4702.22,74682.48,7362.46,84426.38,46
642,WEST BENGAL,Purulia,53190.45,14077.33,8011.53,4806.45,80085.76,7361.68,72724.08,2232.8,4627.09,6859.89,6411.97,64079.31,9
643,WEST BENGAL,Purba Medinipore,53800.58,15434.6,1957.01,10220.33,81412.52,8141.26,73271.26,21562.4,3047.88,24610.28,4341.44,47367.42,34
644,WEST BENGAL,Paschim Medinipore,241691.73,68840.05,12698.55,40624.33,363854.66,34991.16,328863.5,110919.6,7943.15,118862.75,12907.78,205036.12,36
645,ANDAMAN & NICOBAR,Andaman & Nicobar,38116.025,3824.791,19.559,4.89,41965.266,4196.527,37768.739,14.579,354.783,369.362,1615.437,36138.723,1
646,CHANDIGARH(UT),Chandigarh UT (Ham),1545,39,488,87,2159,216,1943,0,0,0,0,0,0
647,DADRA NAGAR & HAVELI,UT of Dadra & Nagar Haveli,5417.7,219.9,966.61,441.48,7045.69,704.57,6341.12,750.46,1292.4,2042.86,1398.486,4192.178085,32.21605464
648,DAMAN & DIU,Daman,777,89,0,93,959,48,911,394,125,519,235,282,56.97
649,DAMAN & DIU,Diu,458,23,0,45,526,53,473,377,68,445,80,16,94.08
650,LAKSADWEEP,Agatti,NA,NA,NA,NA,107.8,72.4,35.4,NA,28,28,NA,NA,79
651,LAKSADWEEP,Amini,NA,NA,NA,NA,103,69,34.1,NA,28.2,28.2,NA,NA,83
652,LAKSADWEEP,Androth,NA,NA,NA,NA,192.5,130.2,62.3,NA,41.2,41.2,NA,NA,66
653,LAKSADWEEP,Chetlat,NA,NA,NA,NA,41.4,27.8,13.6,NA,8.6,8.6,NA,NA,63
654,LAKSADWEEP,Kadmat,NA,NA,NA,NA,124.1,83.4,40.7,NA,19.7,19.7,NA,NA,48
655,LAKSADWEEP,Kalpeni,NA,NA,NA,NA,90.7,61,29.7,NA,16.2,16.2,NA,NA,55
656,LAKSADWEEP,Kiltan,NA,NA,NA,NA,64.8,43.1,21.7,NA,14.6,14.6,NA,NA,67
657,LAKSADWEEP,Kavaratti,NA,NA,NA,NA,144.4,96,48.4,NA,41.8,41.8,NA,NA,86
658,LAKSADWEEP,Minicoy,NA,NA,NA,NA,185.8,121.6,64.2,NA,38.9,38.9,NA,NA,61
659,PUDUCHERRY,Puducherry,7299.24,1961.94,606.49,2294.56,12162.22,1216.22,10946,11875,2393.13,14268.13,4107.42,NA,130
660,PUDUCHERRY,Karaikal,1995.1,4036.09,281.55,532.32,6845.06,684.51,6160.55,510.83,387.67,898.5,353.54,5296.18,15
661,PUDUCHERRY,Mahe,244.73,0,27.5,0,272.23,27.22,245.01,0,167.78,167.78,209.44,35.57,68
662,PUDUCHERRY,Yanam,NA,NA,NA,NA,NA,NA,NA,NA,NA,NA,NA,NA,NA
